ADJ,ADV,CONJ,NOUN,NUM,VERB,COMMAS,FULLSTOPS,SPECIAL-,FUNCTION-A,FUNCTION-IN,FUNCTION-OF,FUNCTION-THE,flesch_reading_ease,flesch_kincaid_grade_level,avg_word_length,avg_sentence_length,text_perplexity,avg_sentence_perplexity,label
6,2,0,24,0,8,4,3,1,2,4,5,6,37.94,14.1,5.48,28.333333333333332,1.5689014196395874,1.3371416727701824,1
21,5,0,46,1,16,8,5,1,7,5,1,8,35.95,16.9,4.747191011235955,38.4,1.5180362462997437,1.292734932899475,1
12,3,0,23,1,11,5,5,1,3,5,2,2,53.61,10.2,4.98876404494382,20.0,1.358391523361206,1.1594968557357788,1
11,1,0,35,0,8,6,4,5,1,1,7,10,46.3,13.0,5.311320754716981,31.25,1.103574275970459,1.0810905396938324,1
2,1,0,21,0,10,5,3,0,0,1,0,0,3.46,17.0,7.0588235294117645,19.666666666666668,1.6173019409179688,1.039368708928426,1
15,4,0,21,0,13,2,5,0,3,1,2,7,34.66,13.3,5.673469387755102,21.4,1.2530088424682617,1.1020633935928346,1
12,1,0,35,2,14,7,4,2,1,3,0,3,13.78,17.2,6.15625,27.25,1.129016399383545,1.0392905473709106,1
8,5,0,32,0,15,4,3,4,0,2,2,1,11.28,20.2,5.588785046728972,39.333333333333336,1.144910216331482,1.1477455298105876,1
16,3,0,49,0,19,7,5,8,3,5,5,5,23.9,17.4,5.273291925465839,36.6,1.07234525680542,1.006371831893921,1
10,4,0,34,2,13,3,4,3,0,1,6,6,45.29,13.4,5.05607476635514,29.25,1.1784323453903198,1.083503246307373,1
2,3,0,17,1,6,3,3,1,1,2,0,0,47.79,10.3,5.446808510638298,18.0,1.515521764755249,1.004791498184204,1
13,6,0,30,0,11,3,5,1,3,3,2,5,9.28,16.8,5.95,21.8,1.1363219022750854,1.0009371995925904,1
16,5,0,25,1,7,9,4,0,1,2,3,3,6.03,18.1,6.153846153846154,27.0,1.1372590065002441,1.0033419132232666,1
8,1,0,24,0,9,3,3,0,0,0,2,5,45.39,13.3,5.584415584415584,27.666666666666668,1.1911686658859253,1.177124301592509,1
7,4,0,38,0,10,4,5,0,1,0,2,2,11.31,16.1,6.420454545454546,19.6,1.1598871946334839,1.2476587057113648,1
11,4,0,44,0,23,2,6,6,3,6,8,3,30.7,14.8,5.671140939597316,27.166666666666668,1.7607064247131348,1.4745042125384014,1
7,3,0,35,0,11,4,4,2,5,2,4,6,39.37,13.6,5.08421052631579,26.25,1.2713167667388916,1.069496363401413,1
6,1,0,26,0,10,6,3,0,1,0,5,1,21.02,16.5,5.864864864864865,27.666666666666668,1.184397578239441,1.0026672681172688,1
8,0,0,18,0,9,5,4,0,0,0,1,4,28.33,13.7,5.814285714285714,19.75,1.3121219873428345,1.0248705446720123,1
16,2,0,22,0,11,3,4,0,4,2,1,0,25.8,14.6,5.62962962962963,22.0,1.3174645900726318,1.05178564786911,1
10,3,0,39,0,14,5,4,1,2,0,6,5,9.72,18.7,5.693693693693693,30.25,1.187308669090271,1.1667991876602173,1
15,0,0,29,0,10,2,5,0,1,3,3,2,27.01,14.2,5.776595744680851,20.6,1.1340177059173584,1.0010344982147217,1
12,1,0,41,0,10,4,4,1,4,1,2,1,20.42,16.7,5.715686274509804,28.75,1.1302821636199951,1.0835489332675934,1
13,5,0,23,1,9,5,3,0,1,3,3,1,33.88,15.7,5.465116279069767,32.0,1.1569266319274902,1.0465212265650432,1
18,5,0,30,0,11,5,4,1,4,2,4,4,16.15,18.3,5.441666666666666,32.5,1.1169110536575317,1.0079241394996643,1
8,5,0,20,3,11,7,4,0,1,4,1,5,49.65,11.7,4.77906976744186,24.25,1.2227548360824585,1.1724145710468292,1
18,4,0,38,0,7,5,4,0,1,3,7,4,30.74,16.9,5.299212598425197,34.0,1.1190341711044312,1.074308067560196,1
13,1,0,17,0,7,1,3,1,1,3,2,2,16.02,16.3,5.984615384615385,23.333333333333332,1.1644595861434937,1.0006122191747029,1
4,1,0,19,0,9,3,3,0,1,3,3,2,57.61,10.7,4.893939393939394,24.0,1.1908016204833984,1.2420364618301392,1
7,2,0,18,0,9,1,3,0,2,0,0,3,26.51,14.4,5.661016949152542,23.0,1.42527437210083,1.1765497128168743,1
13,1,0,22,0,8,6,4,0,2,1,2,2,35.27,13.1,5.592105263157895,21.5,1.2622699737548828,1.1186213195323944,1
9,0,0,26,1,6,1,3,0,2,2,8,5,54.56,11.9,4.5,28.333333333333332,1.2905038595199585,1.7101623217264812,1
20,3,0,33,0,10,8,4,1,4,3,3,3,19.4,17.1,5.859813084112149,30.0,1.1834498643875122,1.0024517476558685,1
19,4,0,32,1,17,4,5,0,4,4,3,1,37.03,14.5,5.488372093023256,27.6,1.1246603727340698,1.0874797105789185,1
12,0,0,30,1,9,4,4,2,4,3,3,8,38.15,14.0,5.019607843137255,28.0,1.1204776763916016,1.0782918334007263,1
15,3,0,43,0,12,10,5,0,1,2,5,7,29.18,15.4,5.592,28.4,1.2775330543518066,1.0697573900222779,1
16,8,0,23,0,15,6,5,1,4,0,2,6,32.63,14.1,5.209090909090909,24.8,1.1163617372512817,1.082241678237915,1
20,4,0,29,0,16,8,4,4,0,0,1,0,13.28,17.4,6.19,29.5,1.1718729734420776,1.0688030421733856,1
17,3,0,28,0,14,2,4,0,3,4,3,2,13.48,17.3,6.273684210526316,25.25,1.1442651748657227,1.0577372908592224,1
9,5,0,24,0,12,4,4,3,0,2,4,4,31.72,14.4,5.204301075268817,26.0,1.1412765979766846,1.003680408000946,1
26,6,0,54,0,9,8,5,0,4,5,8,8,23.29,17.7,5.512345679012346,35.6,1.1485506296157837,1.0420165300369262,1
17,2,0,27,0,10,3,3,2,2,1,5,6,15.65,18.5,5.641304347826087,33.333333333333336,1.1529531478881836,1.082201401392619,1
8,5,0,25,1,15,7,5,1,2,0,4,5,36.49,12.6,5.736263736263736,20.8,1.2345267534255981,1.0016021490097047,1
13,3,0,25,0,11,4,4,1,0,0,3,5,33.95,13.6,5.7073170731707314,22.75,1.2072619199752808,1.0086521804332733,1
6,4,0,39,1,16,5,4,2,1,4,3,2,26.85,16.3,5.732142857142857,30.75,1.6286669969558716,1.246796429157257,1
11,4,0,25,0,12,5,4,0,3,2,1,4,30.91,14.7,5.720430107526882,25.5,1.2481703758239746,1.2208605408668518,1
12,6,0,18,0,8,5,4,1,2,0,3,3,35.47,13.0,5.653846153846154,22.0,1.323012113571167,1.0066368877887726,1
16,2,0,38,0,11,7,3,3,3,2,5,8,23.43,19.7,5.0,44.333333333333336,1.1251187324523926,1.1074897448221843,1
4,1,0,19,4,9,2,3,0,2,2,2,1,58.48,8.3,4.890243902439025,30.333333333333332,1.1304233074188232,1.1260758638381958,1
12,3,0,34,0,6,4,4,0,0,0,2,2,48.33,12.2,5.516483516483516,24.75,1.1368238925933838,1.0007314383983612,1
10,4,0,18,0,5,2,2,0,0,0,2,3,13.62,19.3,5.765625,37.0,1.1743836402893066,1.161769449710846,1
8,2,0,27,1,9,6,3,0,0,3,9,7,30.84,16.8,5.126315789473685,35.333333333333336,1.1883738040924072,1.3119653860727947,1
6,4,0,25,0,13,6,3,1,0,1,2,2,29.18,15.4,5.7894736842105265,28.666666666666668,1.1705944538116455,1.0013025601704915,1
22,8,0,49,0,28,11,9,0,3,7,2,12,22.14,16.0,5.609375,23.88888888888889,1.9111921787261963,1.5510036018159654,1
15,5,0,23,0,9,5,5,0,0,4,3,4,53.21,10.3,5.333333333333333,20.0,1.3328568935394287,1.056325650215149,1
18,3,0,27,0,13,5,5,0,3,2,1,1,41.9,12.6,5.09433962264151,24.0,1.170676827430725,1.0134560346603394,1
9,2,0,26,0,10,2,3,0,0,0,2,4,25.83,16.7,5.5813953488372094,30.333333333333332,1.1963595151901245,1.1554711659749348,1
12,2,0,33,0,9,4,4,0,4,2,8,10,41.03,15.0,4.933333333333334,32.5,1.1174565553665161,1.0898087620735168,1
10,6,0,28,0,12,3,4,0,2,2,8,1,36.63,14.6,5.150943396226415,29.25,1.1539223194122314,1.0060895681381226,1
9,1,0,26,0,8,1,3,2,1,1,2,6,21.74,16.2,5.786666666666667,27.666666666666668,1.286171317100525,1.1562955379486084,1
11,1,0,22,0,9,2,4,1,2,0,2,1,35.27,13.1,5.35064935064935,21.0,1.3643213510513306,1.1121951639652252,1
10,7,0,29,0,9,3,4,0,0,1,3,2,23.46,15.5,5.831460674157303,24.0,1.3232483863830566,1.0527029037475586,1
14,3,0,27,4,12,6,5,1,1,3,2,7,67.89,8.8,4.950980392156863,22.8,1.2724742889404297,1.0301688671112061,1
11,5,0,13,1,7,1,3,1,3,0,0,1,16.02,16.3,5.681818181818182,23.666666666666668,1.7143398523330688,1.468082586924235,1
11,1,0,30,0,11,4,4,1,1,2,3,10,48.13,12.3,5.096774193548387,25.5,1.2966912984848022,1.0274759829044342,1
7,2,0,17,0,8,3,4,0,0,1,3,5,42.92,12.2,5.075949367088608,22.0,1.3085421323776245,1.003127008676529,1
3,0,0,23,0,9,7,4,0,1,1,5,5,44.75,11.5,5.638888888888889,20.75,1.41771399974823,1.075442612171173,1
13,6,0,33,3,9,7,5,4,2,2,5,3,40.89,13.0,5.04424778761062,26.2,1.1216636896133423,1.0790413618087769,1
7,2,0,11,0,5,5,2,0,0,1,1,1,61.97,9.0,4.60377358490566,20.333333333333332,1.288228154182434,1.0056209166844685,1
6,8,0,42,0,14,8,5,1,3,0,2,1,39.87,13.4,5.737288135593221,26.4,1.1290239095687866,1.081705355644226,1
13,2,0,23,0,10,5,4,1,3,2,2,2,38.35,13.9,5.214285714285714,27.0,1.2084717750549316,1.0030849874019623,1
10,5,0,22,0,15,3,3,0,2,1,4,3,16.36,18.3,5.909090909090909,31.333333333333332,1.1452035903930664,1.0903552373250325,1
9,2,0,22,2,11,2,3,2,0,3,5,6,28.17,15.8,5.6125,29.0,1.1448918581008911,1.1139442125956218,1
15,7,0,33,0,10,3,5,0,1,1,4,10,40.48,13.1,5.473214285714286,24.0,1.118585228919983,1.0043548583984374,1
20,3,0,28,0,9,5,4,0,2,3,6,5,22.75,15.8,5.923913043478261,25.25,1.2768055200576782,1.086404412984848,1
7,3,0,13,0,3,2,2,0,1,1,1,1,31.72,14.4,5.533333333333333,24.5,1.2648210525512695,1.0035898685455322,1
28,1,0,91,0,21,11,11,2,3,1,10,3,43.93,11.8,5.514018691588785,35.57142857142857,2.897624969482422,3.163105232375009,1
19,7,0,49,4,21,9,6,1,2,4,3,8,16.66,18.1,5.685393258426966,32.5,1.6654690504074097,1.3769941329956055,1
15,5,0,29,0,14,6,5,0,2,4,3,6,40.28,13.2,5.392857142857143,24.6,1.2306047677993774,1.023231029510498,1
18,3,0,34,1,6,6,4,0,6,1,4,8,44.07,13.8,5.138888888888889,29.5,1.2739108800888062,1.052020788192749,1
3,0,0,6,0,3,1,1,0,1,0,0,0,84.68,4.4,4.333333333333333,13.5,1.5656824111938477,1.0037771463394165,1
8,2,0,22,0,9,5,3,0,1,2,3,3,36.63,14.6,5.564102564102564,28.666666666666668,1.154116153717041,1.2031668027242024,1
11,3,0,35,1,14,3,4,3,2,5,6,4,24.31,17.3,5.556451612903226,33.5,1.800828456878662,1.4085650444030762,1
8,4,0,36,0,11,6,6,0,1,2,6,10,28.03,13.8,5.542056074766355,19.833333333333332,1.2325249910354614,1.0492880940437317,1
16,4,0,29,0,9,2,4,2,2,1,4,7,12.97,17.5,5.93,27.0,1.1279419660568237,1.0036654472351074,1
25,11,0,51,0,24,14,6,5,1,4,2,5,11.25,18.2,5.851851851851852,31.333333333333332,1.1066745519638062,1.0576526920000713,1
6,0,0,8,0,2,2,2,0,1,0,0,0,29.35,13.3,5.171428571428572,19.5,1.5847525596618652,1.0063536763191223,1
10,0,0,19,0,5,9,2,0,0,0,1,1,34.09,15.6,5.322033898305085,36.0,1.524861454963684,1.320387601852417,1
12,2,0,20,0,9,4,4,0,2,1,2,1,20.58,14.6,5.855072463768116,19.5,1.1876612901687622,1.0017191469669342,1
47,8,0,93,2,24,21,14,2,5,7,12,8,9.48,16.8,6.242857142857143,23.0,1.6279635429382324,1.5000460403306144,1
7,4,0,28,9,16,7,6,0,2,7,4,6,58.92,10.2,4.75,25.0,1.0874979496002197,1.0009151498476665,1
6,3,0,16,0,7,2,2,1,1,3,4,4,40.38,13.2,4.9411764705882355,37.5,1.1698265075683594,1.0591689348220825,1
8,3,0,22,0,8,5,3,0,1,0,2,1,32.53,14.1,6.030769230769231,25.0,1.4078872203826904,1.0711776812871296,1
15,2,0,27,0,6,4,4,0,0,1,4,4,24.78,15.0,5.928571428571429,23.5,1.1545809507369995,1.004733681678772,1
11,1,0,21,0,9,2,4,0,0,0,4,6,29.04,13.4,5.432835820895522,18.25,1.291502594947815,1.2610149383544922,1
5,3,0,24,0,13,3,4,0,0,3,2,4,34.97,13.2,5.467532467532467,21.0,1.4358479976654053,1.0151609778404236,1
19,5,0,23,0,12,7,4,0,5,5,4,1,12.26,17.8,5.82,28.25,1.1184782981872559,1.0013141930103302,1
8,1,0,40,0,9,7,4,0,1,2,3,4,48.84,12.0,5.488888888888889,25.75,1.3094120025634766,1.070164978504181,1
18,7,0,49,0,9,10,5,0,6,3,7,18,32.36,16.2,5.26797385620915,33.6,1.2482513189315796,1.1663342714309692,1
9,2,0,29,1,9,3,4,1,3,2,5,5,31.72,14.4,5.4945054945054945,24.75,1.1694880723953247,1.0669267177581787,1
16,3,0,23,0,8,6,3,0,1,0,3,1,10.23,18.5,5.901234567901234,30.0,1.1800836324691772,1.0024979909261067,1
4,1,0,17,3,9,2,3,1,1,3,3,3,8.88,17.0,6.377049180327869,22.666666666666668,1.311780571937561,1.0702263514200847,1
18,3,0,24,0,14,7,5,0,0,2,6,10,12.87,17.5,6.254098360655738,28.0,1.2916259765625,1.0329440116882325,1
15,8,0,36,0,11,8,5,4,2,0,4,3,33.44,13.8,5.564814814814815,25.0,1.2263314723968506,1.0196001768112182,1
13,9,0,34,0,13,8,5,0,1,1,6,6,29.59,15.2,5.574803149606299,28.4,1.7832428216934204,1.2890851497650146,1
14,1,0,25,1,5,6,4,1,1,1,3,2,23.97,15.3,5.75,25.25,1.2850511074066162,1.0562438666820526,1
0,0,0,10,0,7,1,2,0,1,0,1,5,74.02,8.5,3.8444444444444446,24.0,1.4069926738739014,1.0016021728515625,1
9,3,0,23,0,9,3,4,2,1,2,2,0,42.41,12.4,4.9879518072289155,23.0,1.2133768796920776,1.0057134628295898,1
10,4,0,27,0,9,3,4,0,1,3,4,5,32.73,14.0,5.534883720930233,23.75,1.2868990898132324,1.5866713225841522,1
9,3,0,22,0,11,1,3,2,0,2,2,2,40.38,13.2,5.742857142857143,25.666666666666668,1.1790066957473755,1.001614252726237,1
3,3,0,21,0,8,1,3,2,0,1,2,4,9.89,16.6,6.288135593220339,22.0,1.2183573246002197,1.0022590557734172,1
12,3,0,31,0,9,6,4,2,1,0,5,6,31.41,14.5,5.73404255319149,26.5,1.2862401008605957,1.0383139550685883,1
7,3,0,14,2,6,1,3,0,2,1,1,2,11.92,15.8,5.980769230769231,19.0,1.3964990377426147,1.0460095405578613,1
10,3,0,38,3,11,6,4,0,2,2,5,4,34.29,15.5,4.956521739130435,31.5,1.2109593152999878,1.0664546489715576,1
10,3,0,33,0,6,10,4,1,1,1,3,1,52.19,10.7,5.564102564102564,23.75,1.341625690460205,1.1898229718208313,1
30,5,0,69,0,15,12,8,0,7,1,6,15,27.56,16.0,5.410138248847926,29.875,1.4723930358886719,1.3467924445867538,1
13,5,0,26,0,12,2,4,0,0,2,4,2,45.59,13.2,5.333333333333333,27.0,1.1410112380981445,1.0007924437522888,1
13,2,0,17,0,8,2,3,0,1,0,3,5,38.96,13.7,5.619718309859155,25.333333333333332,1.1791572570800781,1.1046511332194011,1
10,8,0,35,0,15,5,5,2,4,3,2,4,31.41,14.5,5.52542372881356,26.4,1.4990140199661255,1.5250278472900392,1
6,1,0,24,0,12,5,4,0,1,0,3,4,17.03,15.9,5.790123456790123,22.5,1.356174111366272,1.0057078301906586,1
14,6,0,32,0,14,6,5,0,0,0,6,4,42.72,12.3,5.891089108910891,22.4,1.2352079153060913,1.0556067943572998,1
13,4,0,35,0,14,7,4,1,3,1,7,9,41.23,14.9,5.441666666666666,34.0,1.1164344549179077,1.0036341547966003,1
13,2,0,33,0,9,5,4,0,0,0,6,6,30.4,14.9,5.36734693877551,28.0,1.2244956493377686,1.0248079597949982,1
10,1,0,27,0,10,2,3,6,2,2,3,0,23.77,15.4,5.283783783783784,28.666666666666668,1.412448763847351,1.0931291182835896,1
10,5,0,19,0,11,3,3,1,1,3,3,4,27.15,16.2,5.597560975609756,31.0,1.1448723077774048,1.0641425053278606,1
14,4,0,28,0,12,5,4,0,1,1,7,5,28.88,15.5,5.623762376237623,27.5,1.268791913986206,1.053751289844513,1
10,2,0,29,0,14,4,4,0,0,1,5,6,48.84,12.0,5.188888888888889,24.75,1.1625193357467651,1.0015344023704529,1
8,4,0,20,0,6,4,4,0,0,3,5,7,53.71,10.1,5.485714285714286,19.5,1.3225528001785278,1.058897852897644,1
6,4,0,28,0,13,6,4,0,4,3,1,4,28.88,15.5,5.485714285714286,29.0,1.1761075258255005,1.0035702288150787,1
15,2,0,25,0,6,5,4,0,0,1,3,1,35.47,13.0,5.92,21.0,1.3883000612258911,1.044952392578125,1
9,2,0,25,1,8,2,4,1,0,3,1,0,27.32,14.0,5.733333333333333,20.5,1.3350868225097656,1.07061105966568,1
17,1,0,17,0,12,1,3,0,1,2,0,1,5.83,18.2,6.739130434782608,25.0,1.1523650884628296,1.0693717400232952,1
10,3,0,24,0,8,3,3,0,1,1,3,4,29.89,15.1,5.77027027027027,27.0,1.168472409248352,1.1036365032196045,1
13,9,0,39,0,13,5,4,3,1,4,3,3,10.43,18.5,6.290909090909091,30.5,1.1194946765899658,1.0024502277374268,1
12,4,0,33,0,12,9,4,0,3,2,0,3,22.45,15.9,5.462365591397849,26.5,1.2781813144683838,1.0017235577106476,1
13,5,0,19,0,2,6,4,0,1,2,2,6,39.97,13.3,5.102941176470588,19.5,1.2644134759902954,1.0049343407154083,1
12,4,0,22,4,13,1,4,0,1,4,3,1,44.54,11.6,5.456521739130435,26.25,1.12735116481781,1.0499649941921234,1
10,6,0,33,0,14,5,6,1,3,2,2,3,33.65,13.7,5.711538461538462,19.333333333333332,1.1220873594284058,1.3082176446914673,1
11,2,0,36,1,12,11,4,3,1,2,7,7,37.84,14.1,5.203883495145631,30.75,1.238343596458435,1.0586614608764648,1
4,3,0,24,0,10,3,3,1,6,0,2,5,45.8,13.2,4.688311688311688,29.333333333333332,1.1686500310897827,1.112995942433675,1
10,3,0,21,0,7,3,4,0,1,3,2,6,27.01,14.2,6.1066666666666665,20.5,1.2643141746520996,1.0673464238643646,1
14,1,0,23,0,6,4,4,0,0,1,2,10,34.76,13.3,5.564102564102564,21.5,1.3345974683761597,1.0462799668312073,1
8,2,0,22,0,11,2,4,0,1,1,4,10,40.18,13.2,5.144444444444445,24.0,1.2491555213928223,1.0267082452774048,1
17,2,0,29,0,14,4,4,2,1,0,4,7,27.62,13.9,5.90990990990991,31.25,1.0847549438476562,1.0448952615261078,1
7,4,0,24,0,7,3,4,0,0,1,2,5,25.49,14.7,5.512195121951219,22.25,1.214363932609558,1.0022840797901154,1
13,5,0,24,1,4,7,3,2,0,0,5,3,23.05,15.7,5.4714285714285715,27.333333333333332,1.3515362739562988,1.203538179397583,1
13,7,0,25,0,10,8,3,0,1,1,3,3,20.39,20.8,5.423529411764706,32.0,1.205088496208191,1.4461015860239665,1
13,3,0,31,1,11,4,4,2,6,4,4,4,35.1,15.2,4.964601769911504,32.25,1.2166993618011475,1.5499271750450134,1
13,2,0,21,0,7,4,4,4,0,1,3,2,28.54,13.6,5.671232876712328,21.25,1.4133492708206177,1.07436603307724,1
16,4,0,40,1,14,6,6,1,2,0,4,8,41.19,12.9,5.244274809160306,24.0,1.088043212890625,1.1140982906023662,1
9,2,0,12,0,5,2,3,1,1,1,1,0,39.03,11.6,5.659574468085107,17.666666666666668,1.284110188484192,1.0012098948160808,1
7,2,0,24,0,8,5,3,1,1,0,1,0,17.64,15.7,5.852459016393443,23.666666666666668,1.230791449546814,1.001092513402303,1
22,3,0,57,0,26,5,12,2,6,10,8,15,35.78,12.9,5.042918454935623,21.166666666666668,1.6576447486877441,1.609224667151769,1
9,2,0,21,0,7,11,3,0,0,0,0,0,29.14,13.3,5.96,21.333333333333332,1.4853131771087646,1.1355802615483601,1
10,2,0,14,0,6,3,3,0,4,3,0,0,23.77,15.4,5.909090909090909,25.333333333333332,1.1624655723571777,1.031968355178833,1
14,6,0,35,0,8,4,5,0,1,2,10,12,49.75,11.6,4.91588785046729,23.2,1.2955942153930664,1.115421223640442,1
21,2,0,50,0,12,7,5,1,1,1,8,6,10.03,18.6,6.065217391304348,30.2,1.0833008289337158,1.0006028652191161,1
5,0,0,24,0,8,3,2,0,0,0,3,6,28.51,17.7,5.1911764705882355,36.5,1.2412147521972656,1.0075108408927917,1
5,4,0,26,0,13,2,4,1,0,1,2,5,48.84,12.0,5.571428571428571,24.5,1.185498595237732,1.0018350481987,1
18,3,0,31,0,11,7,4,1,1,1,1,0,15.31,16.6,6.191011235955056,25.75,1.1753439903259277,1.0648295879364014,1
11,7,0,27,1,16,4,4,0,2,2,2,3,27.66,16.0,5.669811320754717,28.5,1.1357612609863281,1.1195768415927887,1
11,4,0,33,0,10,3,4,0,2,5,1,1,29.38,15.3,5.373737373737374,26.5,1.1452399492263794,1.0445048213005066,1
16,2,0,27,0,17,2,5,0,0,1,4,3,24.37,15.2,6.121495327102804,22.8,1.1411795616149902,1.0013384819030762,1
15,2,0,26,0,7,3,3,0,1,1,2,5,9.93,18.7,6.304878048780488,30.0,1.2362604141235352,1.0980520645777385,1
21,4,0,33,0,13,5,4,0,1,4,1,0,34.6,15.4,5.357142857142857,30.25,1.2548006772994995,1.013762205839157,1
14,4,0,18,0,10,1,4,0,3,1,3,2,48.64,12.1,5.277777777777778,23.75,1.139204502105713,1.0427080690860748,1
13,4,0,15,0,7,3,4,0,1,1,2,6,36.79,12.5,5.314285714285714,19.25,1.2836885452270508,1.0779229402542114,1
11,2,0,30,0,17,2,4,0,1,6,3,6,33.07,16.0,5.161016949152542,32.0,1.1188119649887085,1.267852783203125,1
12,2,0,27,0,7,1,3,1,3,1,5,7,26.44,16.5,5.576470588235294,30.0,1.3098194599151611,1.1984423796335857,1
9,1,0,37,0,11,5,4,0,1,3,4,8,36.63,14.6,5.471153846153846,28.25,1.1358871459960938,1.2321372330188751,1
14,6,0,29,0,10,7,4,3,2,2,4,7,27.86,15.9,5.201834862385321,30.75,1.1715630292892456,1.0184184610843658,1
11,0,0,14,0,5,2,3,0,3,0,1,0,11.92,15.8,6.117647058823529,18.666666666666668,1.4708303213119507,1.0596065123875935,1
15,1,0,30,0,10,7,3,2,0,6,3,6,13.31,19.4,5.707070707070707,37.333333333333336,1.1818450689315796,1.1495901346206665,1
10,5,0,26,1,8,5,3,0,1,2,2,5,19.71,17.0,5.6419753086419755,29.666666666666668,1.1721713542938232,1.0021983782450359,1
10,2,0,29,0,9,4,4,0,2,0,5,2,41.4,12.8,5.352941176470588,23.25,1.302750825881958,1.1953105330467224,1
8,7,0,21,1,10,3,3,0,2,2,5,7,35.31,15.1,5.487804878048781,29.333333333333332,1.1774331331253052,1.1433869202931721,1
16,3,0,28,1,8,5,4,0,1,1,4,9,21.74,16.2,5.474747474747475,27.25,1.1273943185806274,1.0080519020557404,1
12,5,0,34,0,13,7,4,0,6,3,5,0,37.34,14.3,4.980582524271845,28.5,1.1122797727584839,1.010806143283844,1
15,4,0,28,1,13,5,4,0,2,2,1,4,37.34,14.3,5.450980392156863,28.75,1.1104344129562378,1.0587836802005768,1
10,3,0,26,0,12,2,4,1,0,0,5,11,31.92,14.3,5.344444444444444,24.75,1.2719300985336304,1.1383706033229828,1
13,4,0,27,2,8,4,4,0,10,0,5,4,44.07,13.8,4.605504587155964,29.25,1.1210260391235352,1.0978367030620575,1
5,5,0,28,0,9,5,3,2,0,3,2,3,19.4,17.1,5.469879518072289,31.0,1.3437647819519043,1.3350943724314372,1
16,2,0,31,0,14,6,4,3,2,3,2,5,30.2,15.0,5.545454545454546,28.0,1.1489745378494263,1.065885066986084,1
12,4,0,37,0,14,9,5,0,1,4,3,5,17.74,15.7,6.469387755102041,22.8,1.2661563158035278,1.0524298667907714,1
29,2,0,62,0,16,9,18,1,0,2,5,3,40.65,11.0,5.184357541899441,12.0,4.376729965209961,2.8364365564452276,1
16,5,0,23,0,9,7,5,1,4,0,4,0,37.1,12.4,5.597701149425287,20.0,1.2910081148147583,1.0464033365249634,1
12,4,0,27,0,10,6,4,0,3,6,1,0,43.53,12.0,5.291666666666667,27.0,1.1697121858596802,1.1062270998954773,1
8,3,0,25,11,12,9,5,0,0,5,5,7,57.37,8.7,5.153153153153153,25.8,1.1066690683364868,1.1339685678482057,1
9,4,0,26,0,12,6,4,1,1,2,2,2,16.52,16.1,6.25,23.75,1.3544949293136597,1.0700474679470062,1
12,4,0,28,0,10,3,4,0,1,1,2,4,31.21,14.6,5.6063829787234045,25.25,1.1949551105499268,1.0017002820968628,1
5,5,0,37,1,20,5,5,1,1,3,1,1,25.8,14.6,5.752475247524752,22.8,1.2520692348480225,1.0198042869567872,1
17,6,0,37,0,14,11,5,0,0,2,1,0,6.24,18.0,6.37719298245614,26.0,1.1028826236724854,1.0513908386230468,1
10,3,0,24,1,6,5,4,1,1,1,2,4,53.41,10.2,5.013513513513513,21.25,1.1654375791549683,1.0604574382305145,1
2,3,0,18,0,13,4,3,1,0,0,2,5,49.86,11.6,5.2153846153846155,24.333333333333332,1.4179461002349854,1.0860613584518433,1
6,0,0,12,0,6,2,2,0,1,1,0,0,33.24,13.8,5.627906976744186,23.5,1.3817378282546997,1.0056093335151672,1
8,1,0,21,0,12,3,3,2,0,0,3,4,44.78,13.5,4.925925925925926,29.666666666666668,1.2702903747558594,1.075985312461853,1
23,9,0,40,3,11,12,8,0,1,3,7,5,41.4,12.8,5.289017341040463,25.25,1.522645354270935,1.4427020400762558,1
9,2,0,20,1,13,1,3,3,3,0,2,1,49.18,13.9,4.595744680851064,33.666666666666664,1.1806459426879883,1.002017577489217,1
14,5,0,32,0,13,6,4,2,4,1,1,5,27.35,16.1,5.6422018348623855,30.25,1.160274863243103,1.0186795592308044,1
10,0,0,30,0,11,3,4,2,4,3,2,0,26.81,14.2,5.888888888888889,23.25,1.1117594242095947,1.0232299268245697,1
30,13,0,87,8,41,27,18,1,7,11,8,20,62.58,8.8,4.695238095238095,20.166666666666668,2.0525999069213867,1.8406902352968852,1
27,6,0,108,3,48,10,15,1,6,9,14,28,50.77,11.2,5.119318181818182,25.266666666666666,1.5476354360580444,1.316721765200297,1
19,14,0,57,0,53,16,18,0,8,4,9,18,70.53,7.8,4.2507552870090635,20.555555555555557,2.3624966144561768,1.6707703603638544,1
12,14,0,34,1,32,5,13,1,8,2,3,9,82.75,5.2,4.268817204301075,16.153846153846153,1.0852130651474,1.0009858149748583,1
26,22,0,67,1,44,19,19,0,10,6,9,15,71.55,7.4,4.309375,18.894736842105264,1.7181055545806885,1.3884066406049227,1
7,16,0,28,0,50,25,15,2,4,1,3,11,82.34,5.3,4.122362869198312,17.625,2.37398362159729,1.8601767346262932,1
31,16,0,45,1,46,17,12,2,6,2,3,5,64.85,10.0,4.571929824561403,26.416666666666668,1.8581353425979614,1.4613866905371349,1
18,17,0,51,3,69,21,23,0,11,2,8,22,80.11,6.2,4.141711229946524,18.434782608695652,1.9973728656768799,2.676402377045673,1
10,5,0,31,0,35,10,13,0,1,1,4,11,73.37,6.7,4.568527918781726,17.0,2.141183614730835,1.569534494326665,1
19,12,0,59,0,37,19,13,0,5,6,4,25,68.6,8.5,4.567049808429119,22.692307692307693,2.131584882736206,1.7513961241795466,1
29,27,0,60,1,50,21,21,1,4,5,8,16,71.95,7.2,4.328767123287672,18.681818181818183,1.7872607707977295,1.6080843643708662,1
39,20,0,114,1,93,33,31,0,15,5,18,36,70.94,7.6,4.411449016100179,19.53125,1.9202463626861572,1.644961018562317,1
22,8,0,68,5,43,14,12,1,14,5,10,19,62.92,10.7,4.6396103896103895,28.0,1.7153688669204712,1.4728956520557404,1
9,26,0,70,0,47,24,17,0,7,5,4,34,79.5,6.4,4.383333333333334,20.11764705882353,2.0456840991973877,1.8193910262163948,1
31,9,0,61,2,43,9,15,3,4,2,13,23,60.14,9.7,4.494983277591973,21.866666666666667,1.7230284214019775,1.4661686102549234,1
8,11,0,55,0,42,11,14,0,5,2,6,10,79.8,6.3,4.200819672131147,19.285714285714285,1.9664652347564697,1.5323445286069597,1
25,12,0,50,0,40,18,15,0,5,2,11,17,53.61,10.2,4.8966666666666665,21.25,2.6903226375579834,1.7603119313716888,1
21,5,0,43,0,36,16,12,0,4,6,6,9,59.84,9.8,4.6929460580912865,22.5,2.054908514022827,1.615296632051468,1
3,7,0,17,0,16,3,0,0,4,1,0,6,97.7,1.5,3.5555555555555554,30.5,33.74286651611328,22.123460233211517,1
21,25,0,44,2,61,23,25,1,11,5,2,8,83.15,5.0,3.8097826086956523,17.28,1.9834249019622803,2.6324944400787356,1
21,13,0,73,2,49,17,16,0,11,4,11,18,69.72,8.1,4.239766081871345,21.11111111111111,2.0344226360321045,1.4982653723822699,1
24,27,0,81,5,66,17,23,1,9,4,13,27,62.78,8.7,4.726130653266332,19.130434782608695,2.081826686859131,1.7205343039139458,1
12,24,0,27,1,54,19,24,0,3,0,6,6,94.86,2.6,3.78,13.846153846153847,2.461763620376587,4.950508677042448,1
17,15,0,58,3,61,21,19,1,5,2,6,12,72.05,7.2,4.6826923076923075,18.68421052631579,1.8794440031051636,1.6593177193089534,1
26,14,0,56,3,44,18,18,1,7,4,7,12,80.62,6.0,4.180887372013652,18.38888888888889,1.875727891921997,1.394291275077396,1
15,25,0,44,1,64,20,19,0,0,2,7,14,79.8,6.3,4.159021406727828,19.31578947368421,1.9659103155136108,1.8453577443173057,1
23,18,0,57,0,32,13,19,0,7,2,7,16,50.02,9.5,5.083018867924529,15.05,2.0311596393585205,1.6659915685653686,1
18,7,0,44,0,23,7,8,0,3,4,6,10,56.29,11.2,4.845794392523365,25.666666666666668,2.377305030822754,1.39230211575826,1
16,17,0,72,3,63,25,25,0,2,4,9,27,75.5,5.9,4.664615384615384,15.08,2.370162010192871,1.8594442081451417,1
26,11,0,76,1,52,18,18,0,12,6,11,24,68.7,8.5,4.600558659217877,21.944444444444443,1.9469150304794312,1.4861036737759907,1
20,11,0,56,4,33,17,14,2,4,2,4,14,63.8,8.3,4.939130434782609,18.857142857142858,1.8768401145935059,1.480659039815267,1
20,9,0,52,1,46,16,11,0,0,2,5,31,57.0,10.9,4.756862745098039,25.727272727272727,2.175349235534668,1.7906550494107334,1
18,10,0,63,1,47,20,20,0,10,4,13,23,72.36,7.1,4.273809523809524,18.047619047619047,1.8193765878677368,1.4637433006649925,1
25,8,0,73,1,50,15,19,2,17,5,13,13,70.63,7.8,4.182608695652174,20.263157894736842,1.9332679510116577,1.403678479947542,1
26,21,0,74,1,66,22,24,1,15,11,8,16,81.63,5.6,4.11036036036036,17.892857142857142,2.2361366748809814,3.366612046957016,1
24,17,0,54,0,56,19,20,3,8,6,9,18,71.65,7.4,4.35693215339233,19.1,1.8848365545272827,1.3310371577739715,1
23,12,0,62,0,60,13,24,0,10,6,11,18,83.56,4.9,4.131868131868132,15.407407407407407,2.1449856758117676,3.014276698783592,1
26,16,0,71,1,46,10,17,0,9,6,6,10,69.52,8.2,4.504615384615384,20.764705882352942,1.6389163732528687,1.3996556576560526,1
10,22,0,48,2,53,15,24,0,5,4,2,10,75.61,5.8,4.176282051282051,14.666666666666666,2.0441160202026367,1.8066793630520503,1
23,18,0,59,3,66,21,22,3,10,4,2,12,71.44,7.4,4.177944862155388,18.75,2.0540311336517334,1.8906375914812088,1
15,13,0,51,2,51,23,20,0,10,6,3,13,82.75,5.2,4.186619718309859,16.4,1.5033824443817139,1.5251698255538941,1
15,10,0,52,1,30,16,18,0,4,7,8,13,82.34,5.3,4.106463878326996,16.77777777777778,1.857841968536377,1.645502010981242,1
25,16,0,54,3,30,16,14,3,8,2,7,15,53.92,10.0,4.7330827067669174,20.066666666666666,1.5773646831512451,1.4097621361414592,1
18,15,0,58,2,42,14,17,0,5,5,6,25,80.21,6.1,4.542253521126761,18.58823529411765,2.037968873977661,1.597555819679709,1
21,8,0,56,0,34,18,13,1,6,3,12,29,75.34,8.0,4.5836298932384345,24.153846153846153,1.7450580596923828,1.3601611760946422,1
15,7,0,73,2,40,18,14,1,5,3,6,31,66.98,9.2,4.672185430463577,24.142857142857142,2.0184216499328613,1.4757252931594849,1
11,27,0,18,0,36,10,15,0,4,1,1,6,82.04,5.4,3.8728070175438596,16.125,4.757714748382568,6.040422387421131,1
13,15,0,51,2,46,17,15,1,5,5,2,14,71.24,7.5,4.351351351351352,19.533333333333335,1.985427737236023,1.4109405279159546,1
21,27,0,49,0,51,18,24,2,10,2,1,13,83.66,4.8,4.079754601226994,15.791666666666666,2.981835126876831,4.304043114185333,1
22,17,0,49,1,41,10,11,0,4,3,5,20,68.91,8.4,4.440944881889764,21.384615384615383,1.9470584392547607,1.490243306526771,1
15,11,0,36,0,37,18,13,1,10,4,1,12,77.27,7.3,4.22265625,22.23076923076923,1.8140335083007812,1.3369691096819365,1
20,11,0,64,2,34,10,15,2,7,3,5,29,64.0,8.2,4.755186721991701,17.933333333333334,1.9865427017211914,1.514950402577718,1
27,32,0,59,3,66,32,27,5,6,4,4,13,92.22,3.6,3.8404761904761906,17.344827586206897,2.0092613697052,1.895030477951313,1
11,14,0,41,1,39,8,15,0,4,1,4,10,73.27,6.7,4.112554112554113,17.0,2.1326797008514404,1.5802308877309164,1
10,10,0,45,0,38,13,13,0,6,4,5,13,71.04,7.6,4.0881057268722465,19.53846153846154,2.1687722206115723,1.4943337990687444,1
21,17,0,55,2,51,17,13,0,6,2,5,11,58.62,10.3,4.37,23.785714285714285,1.4981050491333008,1.2957541176251002,1
24,21,0,69,5,58,24,23,0,7,4,7,8,72.05,7.2,4.428947368421053,17.833333333333332,1.8768011331558228,1.8226724316676457,1
28,19,0,79,4,85,34,33,4,15,4,5,21,93.54,3.1,3.842436974789916,15.702702702702704,4.131390571594238,7.779338670499397,1
14,14,0,36,7,43,15,26,0,4,1,4,7,88.13,3.1,4.298039215686274,11.814814814814815,4.423286437988281,6.10576425658332,1
30,14,0,70,3,47,19,18,0,13,5,5,26,78.99,6.6,4.315028901734104,20.473684210526315,2.2730562686920166,4.0375895813891765,1
21,7,0,99,2,86,23,33,1,17,6,10,28,75.61,5.8,4.3895348837209305,17.424242424242426,2.113412618637085,1.630192933259187,1
23,21,0,59,2,60,21,18,0,7,5,9,26,77.57,7.2,4.402857142857143,21.72222222222222,1.788490891456604,1.417475938796997,1
18,13,0,71,1,49,16,16,4,8,5,9,23,61.36,9.2,4.758278145695364,21.1875,1.9255532026290894,1.522392250597477,1
18,14,0,60,0,50,16,21,0,5,6,6,19,81.43,5.7,4.156626506024097,18.0,2.1213278770446777,2.960489857764471,1
12,10,0,67,3,41,7,14,0,4,3,7,25,62.58,8.8,4.67680608365019,19.266666666666666,1.8343007564544678,2.342178304990133,1
9,13,0,20,0,36,9,9,3,8,1,3,6,77.27,7.3,4.269230769230769,22.666666666666668,1.9796748161315918,1.7589065498775907,1
12,8,0,48,0,40,9,11,0,6,3,8,21,68.81,8.5,4.462962962962963,20.0,1.7995493412017822,1.7016515533129375,1
18,31,0,71,4,74,31,30,4,11,10,16,24,83.15,5.0,3.9186991869918697,18.0,2.1900410652160645,7.239846382822309,1
18,12,0,75,2,44,19,14,0,10,6,16,34,74.12,8.5,4.5579937304075235,25.214285714285715,1.867916464805603,1.4468213319778442,1
6,17,0,21,1,34,6,11,0,3,1,2,5,91.51,3.9,3.719298245614035,16.083333333333332,3.2566170692443848,5.331830819447835,1
29,21,0,41,2,50,25,18,2,4,3,5,9,78.79,6.7,4.346385542168675,21.11111111111111,1.823421597480774,1.5047085682551067,1
17,18,0,50,0,34,11,12,0,5,1,6,14,53.81,10.1,5.070754716981132,19.833333333333332,1.756981611251831,1.6059558987617493,1
23,23,0,80,0,69,21,23,0,13,8,8,25,88.06,5.2,3.86697247706422,19.56,2.2273435592651367,1.8288274955749513,1
20,11,0,87,1,47,21,20,1,6,6,10,25,63.29,8.5,4.700598802395209,18.85,1.814839482307434,1.547341948747635,1
24,15,0,70,0,52,10,19,0,8,2,4,14,55.34,9.5,4.948553054662379,17.94736842105263,1.9536631107330322,1.5431841862829108,1
14,20,0,43,2,46,18,23,0,14,1,5,8,85.89,4.0,3.782006920415225,14.25,2.1978490352630615,7.987391491731008,1
32,16,0,50,3,32,21,17,0,10,1,5,12,72.76,6.9,4.516014234875445,18.88235294117647,1.7787106037139893,1.4754229717784457,1
27,14,0,68,2,73,25,30,2,5,5,3,21,75.81,5.8,4.220623501199041,14.969696969696969,3.0036401748657227,7.432528918439692,1
20,13,0,64,0,46,20,17,0,10,2,9,15,79.5,6.4,4.19281045751634,20.352941176470587,2.6949102878570557,1.8814114682814653,1
20,10,0,58,0,55,21,18,0,12,9,8,23,71.55,7.4,4.3602484472049685,19.210526315789473,1.7948698997497559,1.507398755926835,1
13,12,0,63,2,53,7,15,0,8,5,10,21,76.66,7.5,4.128712871287129,21.8,1.845345139503479,1.5657716751098634,1
14,17,0,54,2,47,12,14,0,7,6,4,19,61.06,9.4,4.616541353383458,20.928571428571427,1.8250130414962769,1.6172817179134913,1
22,21,0,74,2,55,15,14,1,7,7,11,32,66.47,9.4,4.579545454545454,25.666666666666668,1.6500076055526733,1.4429366747538248,1
22,14,0,83,1,69,18,22,3,13,4,7,24,78.69,6.7,4.172839506172839,20.954545454545453,1.9180021286010742,2.42736154794693,1
15,15,0,74,2,64,14,22,1,6,2,7,21,72.46,7.1,4.627345844504021,18.818181818181817,1.8868719339370728,1.5990162762728604,1
31,13,0,60,1,47,13,19,0,5,1,8,15,54.02,10.0,4.700598802395209,19.473684210526315,1.8953006267547607,1.3584355492340892,1
28,13,0,65,0,36,24,13,0,5,2,9,9,42.92,12.2,5.133587786259542,21.642857142857142,1.7163830995559692,1.2298309803009033,1
27,19,0,53,3,57,22,22,0,9,4,6,13,73.27,6.7,4.119658119658119,18.09090909090909,1.7553770542144775,1.7825552276943042,1
22,13,0,67,0,57,21,17,6,11,3,7,10,61.87,9.1,4.796116504854369,20.823529411764707,1.484366774559021,1.512388502850252,1
11,18,0,23,0,44,14,14,0,2,2,3,3,81.83,5.5,3.786324786324786,17.8,3.2779741287231445,2.7416651089986166,1
16,8,0,38,1,36,10,10,1,6,2,2,7,58.52,10.3,4.570776255707763,24.3,2.15456485748291,1.4505275011062622,1
9,29,0,53,0,62,13,26,4,7,4,5,15,93.03,3.3,3.9274924471299095,14.423076923076923,2.2838027477264404,2.046028802028069,1
26,13,0,72,0,64,35,21,0,12,10,9,21,79.4,6.5,4.11340206185567,20.272727272727273,1.861620306968689,1.577338614247062,1
13,22,0,65,7,79,22,26,0,11,7,5,23,73.88,6.5,4.360313315926893,16.653846153846153,2.0577168464660645,1.7188164637638972,1
27,20,0,69,1,52,19,16,0,4,6,8,16,65.86,9.6,4.665745856353591,24.875,2.0548503398895264,1.544408418238163,1
17,24,0,75,3,69,23,24,0,9,6,9,11,65.52,7.6,4.611650485436893,19.375,2.138326644897461,1.8001049359639485,1
35,20,0,67,5,57,24,20,1,8,5,4,17,70.73,7.7,4.556497175141243,20.0,1.9423060417175293,1.448459166288376,1
23,9,0,42,2,68,12,28,2,10,5,0,4,85.18,4.2,4.015015015015015,13.535714285714286,1.64284348487854,1.9675059531416212,1
6,18,0,40,0,35,7,12,0,2,7,4,21,71.24,7.5,4.298076923076923,19.0,2.2322945594787598,1.8098934789498646,1
12,11,0,39,1,27,15,12,0,8,2,7,9,80.31,6.1,4.297029702970297,17.692307692307693,1.810286283493042,513.6037717965933,1
21,13,0,63,1,47,16,14,1,5,6,7,23,66.17,9.5,4.193650793650794,24.785714285714285,1.6663258075714111,1.350743225642613,1
18,11,0,46,3,41,13,10,0,5,5,3,13,77.06,7.4,4.255813953488372,24.166666666666668,1.8764983415603638,1.6383672058582306,1
21,18,0,47,1,46,21,19,0,4,5,6,21,82.95,5.1,4.124137931034483,16.95,1.6724134683609009,1.5670049428939818,1
19,20,0,51,1,54,16,15,0,5,2,11,19,71.85,7.3,4.386292834890965,19.05263157894737,2.290513753890991,1.7164269864559174,1
28,20,0,62,2,62,22,21,8,17,5,11,14,78.79,6.7,4.078199052132701,21.08695652173913,1.8756513595581055,1.5771163339200227,1
26,19,0,63,1,45,28,14,5,14,2,9,12,66.37,9.4,4.520634920634921,26.071428571428573,1.6986889839172363,1.4305409107889449,1
14,13,0,46,0,38,9,14,0,2,2,3,10,56.66,9.0,5.093023255813954,17.357142857142858,2.0314013957977295,1.7527318681989397,1
20,17,0,57,0,58,30,22,1,4,3,4,10,80.51,6.0,4.024390243902439,19.454545454545453,2.7933735847473145,4.036029826511037,1
15,16,0,33,8,38,12,15,0,11,1,3,10,80.51,6.0,3.78515625,19.0,2.318493127822876,3.5090089559555055,1
23,13,0,81,4,54,16,19,3,7,6,10,18,60.45,9.6,4.67379679144385,21.94736842105263,1.7689720392227173,1.4666149616241455,1
16,16,0,38,2,37,14,15,0,5,3,8,15,80.31,6.1,4.152,18.733333333333334,1.6774418354034424,1.4106566985448201,1
23,16,0,55,2,52,26,18,0,9,2,9,20,86.44,5.8,3.87603305785124,22.72222222222222,2.0180532932281494,1.5682184894879658,1
15,19,0,52,2,54,19,20,1,10,4,7,10,81.83,5.5,3.9510703363914375,17.09090909090909,2.423409938812256,5.1705304763533855,1
38,38,0,88,1,100,36,48,0,19,8,13,25,92.02,3.7,3.7972136222910216,15.10204081632653,1.846629023551941,3.978158116340637,1
20,14,0,60,4,58,23,19,0,8,1,2,10,63.29,8.5,4.225705329153605,19.05263157894737,1.7045927047729492,1.4873136783901013,1
18,16,0,69,0,50,21,14,0,4,3,9,25,65.46,9.7,4.645061728395062,25.714285714285715,1.6651777029037476,1.4298153945377894,1
13,23,0,60,5,71,29,21,0,11,7,5,19,76.76,7.5,4.176056338028169,22.80952380952381,2.373485803604126,1.7356596844536918,1
4,2,0,17,0,11,3,4,0,2,1,0,1,46.98,10.6,4.7384615384615385,18.25,1.3649365901947021,1.0130058228969574,1
32,20,0,72,2,60,29,23,0,10,4,3,13,80.21,6.1,4.314432989690721,19.304347826086957,2.3609423637390137,1.9690737516983696,1
29,10,0,82,1,41,18,18,0,2,3,13,18,55.34,9.5,4.948453608247423,18.22222222222222,1.9815531969070435,1.6535928580496047,1
27,33,0,94,1,89,35,30,1,13,7,10,21,78.59,6.8,4.22847100175747,21.2,1.7047359943389893,1.4799907157818477,1
26,23,0,76,2,57,26,24,0,15,6,15,9,81.22,5.8,3.980440097799511,19.958333333333332,2.78057599067688,3.2292631566524506,1
37,20,0,80,1,41,22,15,2,7,1,13,22,51.07,11.1,5.109090909090909,24.866666666666667,2.4473280906677246,1.6809904019037882,1
27,16,0,66,0,49,12,17,1,12,7,6,10,68.7,8.5,4.342182890855457,21.764705882352942,1.613996148109436,1.694444074350245,1
24,6,0,68,0,38,11,14,0,8,3,11,27,60.65,9.5,4.676470588235294,21.285714285714285,1.7561997175216675,1.50863116979599,1
25,11,0,79,5,53,16,16,0,16,9,9,27,75.03,8.1,4.314606741573034,24.375,2.233443021774292,1.7267015874385834,1
7,0,0,11,0,9,2,4,0,0,0,0,3,66.94,7.1,4.4,15.75,1.6512455940246582,1.6519240736961365,1
24,5,0,50,4,29,10,14,1,4,6,4,12,54.83,9.7,4.795539033457249,21.071428571428573,2.1697356700897217,1.6860590066228593,1
33,21,0,67,0,58,19,22,2,9,1,7,27,71.85,7.3,4.375,18.695652173913043,2.315741539001465,2.148625591526861,1
21,11,0,64,0,55,15,23,1,8,3,3,13,74.39,6.3,4.422492401215806,16.565217391304348,2.4060614109039307,2.4800009468327397,1
26,9,0,89,0,49,22,18,0,4,5,18,41,68.6,8.5,4.624,22.0,1.7833672761917114,1.4480326489398354,1
11,10,0,32,0,28,16,12,0,0,0,3,17,82.04,5.4,4.110497237569061,17.5,2.2958219051361084,2.0555614034334817,1
20,13,0,64,0,29,16,16,0,6,5,8,27,72.76,6.9,4.58498023715415,17.875,1.9645413160324097,1.8149236887693405,1
26,16,0,70,7,69,16,14,1,12,7,6,17,71.89,9.3,4.191489361702128,27.333333333333332,1.981902837753296,1.430709966023763,1
18,14,0,72,1,43,24,17,0,10,7,19,34,67.69,8.9,4.443181818181818,23.235294117647058,1.8662487268447876,1.4598410269793343,1
20,8,0,58,3,33,8,12,1,7,4,6,15,67.59,8.9,4.446640316205533,23.166666666666668,2.002103805541992,1.4316000640392303,1
31,31,0,61,5,69,33,28,0,6,4,7,12,81.83,5.5,4.2027334851936216,17.344827586206897,2.0273921489715576,1.6379954444951024,1
11,15,0,35,4,40,9,14,0,4,1,1,7,73.17,6.8,4.117903930131004,18.142857142857142,1.7838188409805298,1.464512118271419,1
17,9,0,73,0,63,24,24,2,8,6,6,29,91.0,4.1,4.094285714285714,16.28,2.135883092880249,1.8256234264373778,1
25,23,0,68,3,65,26,23,0,6,4,8,20,80.51,6.0,4.0729411764705885,20.416666666666668,2.468111038208008,2.192716504136721,1
27,11,0,42,3,57,23,17,0,8,2,1,9,79.5,6.4,4.149152542372882,20.0,1.7516224384307861,1.5479357452953564,1
23,20,0,59,0,79,28,26,1,16,5,3,23,89.08,4.8,3.767605633802817,18.576923076923077,1.7963711023330688,2.1541225497539225,1
15,17,0,52,4,55,14,21,0,5,2,8,15,65.73,7.6,4.602605863192182,16.666666666666668,2.0436413288116455,1.9756622314453125,1
2,1,0,6,1,6,1,3,1,0,1,1,3,78.55,4.7,3.9393939393939394,13.333333333333334,1.7242625951766968,1.0209821065266926,1
23,16,0,56,4,43,17,13,0,5,3,1,9,66.67,9.3,4.778546712802768,24.692307692307693,2.141580104827881,1.7024179972135103,1
12,9,0,47,1,34,16,9,0,8,2,5,18,57.61,10.7,4.88,25.11111111111111,1.4701390266418457,1.294587082333035,1
11,15,0,37,2,44,11,13,0,5,1,4,10,72.56,7.0,4.358649789029536,17.6,1.7152565717697144,1.35327836672465,1
26,11,0,77,1,65,20,27,1,13,4,9,33,73.58,6.6,4.259803921568627,16.962962962962962,2.3336093425750732,2.0825755331251354,1
16,11,0,40,0,40,15,15,0,4,2,2,15,64.41,8.1,4.694915254237288,17.866666666666667,2.219346284866333,1.7494739055633546,1
11,12,0,47,5,31,11,11,3,6,6,5,13,71.55,7.4,4.348017621145375,19.615384615384617,1.724221110343933,1.778700094956618,1
18,16,0,42,1,47,11,23,0,9,2,4,9,77.03,5.3,4.279245283018868,13.043478260869565,2.0967657566070557,3.230974793434143,1
27,18,0,93,3,62,23,23,1,13,3,15,21,64.41,8.1,4.809859154929577,21.17391304347826,1.9850189685821533,2.335268419721852,1
15,15,0,58,2,47,12,17,0,5,4,6,14,79.6,6.4,4.149152542372882,19.11764705882353,1.3474398851394653,1.2578817465726067,1
14,17,0,36,3,47,10,14,1,1,4,1,10,80.11,6.2,4.156118143459915,19.071428571428573,1.6859548091888428,2.4027898567063466,1
9,23,0,37,0,47,17,16,1,3,4,2,9,90.9,4.1,3.672727272727273,17.5,2.749807834625244,2.9532932572894626,1
15,11,0,49,0,26,18,13,0,3,6,7,20,81.12,5.8,4.392156862745098,18.153846153846153,1.8063691854476929,1.3767216755793645,1
24,30,0,49,3,37,14,16,2,11,4,8,15,70.33,7.9,4.443076923076923,21.11764705882353,1.7165839672088623,1.6886656284332275,1
23,20,0,72,3,79,28,32,1,17,4,7,15,93.54,3.1,3.880361173814898,14.63888888888889,3.019805431365967,5.593894784791129,1
34,24,0,81,0,61,18,21,2,6,1,12,25,69.72,8.1,4.649746192893401,20.761904761904763,1.9537431001663208,1.3923806349436443,1
17,11,0,51,1,28,13,11,1,6,2,8,20,60.55,9.6,4.748837209302326,21.90909090909091,2.07851243019104,1.637864513830705,1
32,9,0,93,4,52,16,23,1,3,7,12,22,72.76,6.9,4.587765957446808,17.416666666666668,1.9058375358581543,1.6778964896996815,1
27,20,0,66,0,64,16,18,0,9,10,7,16,77.06,7.4,4.337320574162679,21.761904761904763,1.6818537712097168,1.3492318845930553,1
13,6,0,52,2,40,12,13,0,6,5,11,20,58.11,10.5,4.71830985915493,23.923076923076923,2.093968391418457,1.5435901238368108,1
48,34,0,93,2,92,47,35,1,20,13,10,21,82.44,5.3,4.008431703204047,18.89189189189189,2.2921884059906006,2.664768274625142,1
22,15,0,73,1,44,16,16,2,10,3,11,19,70.43,7.8,4.4743589743589745,21.75,2.1283929347991943,1.705186389386654,1
4,4,0,8,0,10,5,3,0,1,0,0,2,61.36,9.2,3.8620689655172415,22.333333333333332,1.2742891311645508,1.0049721797307332,1
17,12,0,59,0,57,8,20,0,14,5,5,13,82.75,5.2,4.078125,16.272727272727273,2.0601680278778076,3.460941574790261,1
22,21,0,43,1,71,17,25,0,7,2,3,10,74.9,6.1,4.337912087912088,16.0,1.6723915338516235,2.0276722495372477,1
12,16,0,59,1,40,10,11,1,3,3,6,17,57.61,10.7,4.967741935483871,24.818181818181817,1.8849730491638184,1.4125851501118054,1
24,15,0,53,2,50,18,14,0,10,7,4,12,65.25,9.8,4.197568389057751,25.857142857142858,2.3488383293151855,1.7373660377093725,1
22,12,0,58,10,37,14,13,2,6,4,3,8,67.08,9.1,4.47766323024055,24.846153846153847,1.713154911994934,1.442872010744535,1
24,15,0,78,0,42,8,12,1,9,8,16,21,52.63,12.6,4.682926829268292,30.25,1.4344388246536255,1.2977311511834462,1
19,7,0,70,5,41,15,13,4,6,9,6,19,58.52,10.3,4.628975265017668,25.0,1.9287137985229492,1.5016838587247407,1
13,3,0,38,3,21,6,9,0,5,1,6,9,56.35,9.1,5.36,18.77777777777778,1.1516153812408447,1.0432326926125421,1
19,6,0,69,0,40,7,17,0,7,8,7,14,54.32,9.9,5.026845637583893,20.8125,1.8989521265029907,1.5691000297665596,1
21,7,0,64,2,40,13,12,2,9,4,9,14,59.33,10.0,4.737410071942446,26.25,1.597869634628296,1.7018928229808807,1
19,6,0,81,4,51,10,15,0,4,3,12,18,59.94,9.8,4.818481848184819,22.266666666666666,1.722235918045044,1.611001737912496,1
16,10,0,67,4,34,7,16,0,9,10,4,16,56.45,9.1,5.066433566433567,19.6875,1.721274971961975,1.4594492986798286,1
15,4,0,45,2,38,14,9,0,8,1,5,8,63.63,10.4,4.665322580645161,31.333333333333332,1.6275441646575928,1.542832374572754,1
21,19,0,65,2,37,12,14,1,9,4,8,15,52.29,10.7,4.818181818181818,22.071428571428573,1.7849842309951782,1.3556406242506844,1
18,9,0,30,2,33,4,12,0,2,5,4,13,62.68,8.7,4.748898678414097,20.333333333333332,1.7653777599334717,1.5170274476210277,1
19,4,0,61,9,29,7,13,1,8,6,8,15,61.26,9.3,4.677551020408163,20.692307692307693,1.6557245254516602,1.5118495867802546,1
21,1,0,44,7,26,12,11,3,3,4,2,9,62.27,8.9,4.836134453781512,24.272727272727273,1.5845941305160522,1.3872810818932273,1
25,5,0,39,4,30,14,14,1,8,10,3,12,62.78,8.7,4.953237410071942,22.285714285714285,1.9767687320709229,1.566157111099788,1
4,9,0,58,4,40,10,14,0,4,4,11,18,70.43,7.8,4.760147601476015,21.785714285714285,2.1329073905944824,1.62121209303538,1
11,8,0,56,4,28,11,14,3,4,5,6,11,47.99,10.2,5.083333333333333,17.5,2.1118955612182617,2.3648262875420705,1
20,3,0,65,7,29,13,13,2,10,5,2,12,67.59,8.9,4.52014652014652,23.23076923076923,1.888662576675415,1.4884056127988374,1
14,4,0,78,8,44,11,16,2,4,4,8,14,63.59,8.4,4.851351351351352,20.375,1.5528292655944824,1.2741738557815552,1
25,6,0,67,7,39,13,15,0,9,8,10,20,69.52,8.2,4.629508196721312,22.6,1.896065592765808,2.0873774846394855,1
11,6,0,66,1,36,14,13,2,5,9,6,11,62.98,8.6,4.8429752066115705,21.076923076923077,1.709434986114502,1.8209202931477473,1
26,9,0,80,0,61,9,22,0,5,6,7,13,46.67,10.7,5.174515235457064,17.17391304347826,1.5975186824798584,1.4106086077897444,1
51,27,0,115,8,50,28,20,3,12,12,15,24,56.89,11.0,4.839743589743589,26.5,1.6740411520004272,1.602439781030019,1
31,10,0,89,4,39,16,10,4,9,11,4,16,39.3,15.7,4.930303030303031,36.9,1.4405874013900757,1.3542768120765687,1
23,15,0,72,3,51,15,19,0,7,3,7,25,70.23,7.9,4.404891304347826,22.05263157894737,1.6792939901351929,1.4758686203705638,1
29,7,0,66,4,31,16,13,0,3,8,11,15,42.72,12.3,5.2894736842105265,22.923076923076923,1.941070556640625,1.6120569705963135,1
16,9,0,45,3,25,10,10,5,3,2,7,11,59.64,9.9,4.446511627906977,25.2,1.790023922920227,1.752055299282074,1
28,2,0,83,1,44,10,17,0,10,8,22,23,58.01,10.5,4.670454545454546,22.41176470588235,1.6506043672561646,1.5077241378671982,1
18,10,0,57,6,32,17,10,6,6,5,10,12,43.66,14.0,4.859589041095891,34.3,1.655382513999939,1.452064037322998,1
31,11,0,53,4,44,15,18,0,4,8,5,17,54.42,9.8,5.060897435897436,19.555555555555557,1.762617588043213,1.6461294690767925,1
14,8,0,59,9,24,10,11,2,10,1,8,12,58.21,10.5,4.472,26.818181818181817,1.5436514616012573,1.4852865717627786,1
22,13,0,67,4,39,13,14,0,4,8,4,9,46.17,10.9,5.337552742616034,19.071428571428573,1.6917072534561157,1.337960192135402,1
17,12,0,71,6,40,14,15,2,5,12,11,22,53.61,10.2,4.986254295532646,21.533333333333335,1.8759628534317017,1.6110205173492431,1
18,9,0,65,1,43,14,12,0,10,3,10,12,48.03,12.3,4.907051282051282,29.333333333333332,1.4727283716201782,1.9190681874752045,1
23,5,0,67,0,26,17,12,1,12,9,12,25,64.71,8.0,4.685459940652819,31.5,1.7377488613128662,1.5496994654337566,1
22,11,0,74,2,44,9,13,2,5,4,6,17,59.84,9.8,4.590909090909091,24.76923076923077,1.8099439144134521,1.6389127052747285,1
25,8,0,76,2,34,11,14,4,11,6,8,13,44.54,11.6,5.040590405904059,21.5,1.7886751890182495,1.5065323199544634,1
18,6,0,68,7,42,13,19,1,3,6,10,23,56.05,9.2,4.913333333333333,17.15,2.511223793029785,2.3131539940834047,1
23,8,0,71,7,34,27,14,1,3,7,13,19,56.79,11.0,4.809667673716012,25.066666666666666,1.9327540397644043,1.8018754164377848,1
26,5,0,78,3,43,13,12,0,7,6,10,11,40.69,13.1,5.163568773234201,24.583333333333332,1.9859962463378906,1.3546219964822133,1
24,5,0,71,4,33,6,12,3,13,10,9,14,52.09,10.7,4.96,24.916666666666668,1.5994346141815186,1.7532394429047902,1
19,5,0,75,2,36,7,16,0,7,7,12,16,53.51,10.2,4.938566552901024,19.9375,1.5139439105987549,1.3217289373278618,1
40,6,0,49,4,37,14,13,4,4,7,2,20,59.53,9.9,4.862619808306709,26.692307692307693,1.7042111158370972,1.4540997010010939,1
20,1,0,78,1,39,8,13,0,7,5,9,19,41.29,12.8,5.294736842105263,23.923076923076923,1.7224966287612915,1.5154478549957275,1
23,8,0,86,6,38,12,18,6,6,7,7,17,46.37,10.9,5.109090909090909,20.944444444444443,1.6461821794509888,1.5096600850423176,1
20,10,0,55,3,37,18,13,2,8,6,6,10,69.72,8.1,4.58893280632411,23.384615384615383,1.5319688320159912,1.5418819464170015,1
34,9,0,54,19,34,14,15,4,14,10,4,21,76.25,7.7,4.269592476489028,24.0,1.6451469659805298,1.368697190284729,1
31,8,0,55,0,40,9,14,1,12,4,5,12,61.06,9.4,4.50936329588015,20.857142857142858,2.0366532802581787,1.6590110233851842,1
26,5,0,77,6,36,11,13,1,6,11,11,12,49.25,11.8,4.962068965517242,24.53846153846154,1.8202331066131592,1.6620391607284546,1
28,10,0,73,0,42,21,16,2,7,5,6,18,44.54,11.6,5.29153605015674,22.5625,1.6238864660263062,1.6635219901800156,1
19,10,0,57,4,35,13,12,2,3,2,5,14,55.54,9.4,4.814814814814815,20.846153846153847,1.638187289237976,1.3653657894868116,1
18,3,0,74,3,46,7,16,2,6,7,8,17,54.02,10.0,5.02,19.235294117647058,1.9516161680221558,1.8819106326383703,1
31,10,0,83,4,41,11,14,1,3,11,11,24,48.74,12.0,5.12539184952978,24.785714285714285,1.6766493320465088,1.420560053416661,1
23,3,0,78,4,28,9,14,1,8,6,7,15,59.53,9.9,4.832764505119454,23.714285714285715,2.0569605827331543,1.652488580771855,1
25,7,0,80,7,53,10,19,4,5,6,7,22,55.64,9.4,5.0672782874617734,19.157894736842106,1.7863355875015259,1.4898243577856767,1
13,16,0,53,10,43,7,14,2,7,10,3,17,67.89,8.8,4.4937106918239,25.0,2.5311739444732666,1.900647222995758,1
28,8,0,69,1,28,6,13,0,9,12,4,20,53.41,10.2,4.937931034482759,23.846153846153847,1.887887716293335,1.4012152139957135,1
28,6,0,56,20,35,21,16,6,10,9,7,20,70.53,7.8,4.3601190476190474,23.0,1.524120807647705,1.4580486085679796,1
31,6,0,64,0,34,9,14,2,16,2,2,5,72.26,7.1,4.560869565217391,18.571428571428573,1.9376606941223145,1.9198366148131234,1
26,11,0,55,0,39,15,14,0,2,4,7,15,62.17,8.9,4.583941605839416,24.53846153846154,1.6973766088485718,1.9552181775753315,1
22,15,0,63,1,31,17,15,0,9,6,8,16,52.9,10.4,4.749116607773852,21.2,1.680302619934082,1.3652658939361573,1
16,10,0,61,2,47,4,17,0,3,4,4,11,56.15,9.2,4.835249042145594,16.647058823529413,1.948088526725769,1.6102513355367325,1
17,8,0,70,7,32,11,11,1,9,6,7,12,48.23,12.2,5.180076628352491,25.90909090909091,1.8851720094680786,1.5279339118437334,1
12,11,0,80,12,40,11,17,0,6,8,18,26,50.06,11.5,4.7534246575342465,23.88235294117647,1.9359475374221802,1.670246746804979,1
25,15,0,72,0,36,18,12,3,7,4,4,12,41.8,12.6,5.36964980544747,24.666666666666668,1.8361538648605347,1.5323955118656158,1
23,8,0,77,4,43,9,15,0,6,7,7,12,43.83,11.8,5.2613240418118465,20.8,1.781769037246704,1.5124164899190267,1
12,14,0,70,4,44,13,16,0,10,1,2,12,54.32,9.9,4.820143884892087,19.5,2.080630302429199,1.7298918962478638,1
31,8,0,62,0,30,14,12,0,4,6,7,16,48.54,12.1,5.203571428571428,23.846153846153847,1.6701687574386597,1.5567638690655048,1
20,8,0,84,6,52,23,17,4,6,13,9,22,51.38,11.0,5.03125,22.22222222222222,1.9932096004486084,1.5397189060846965,1
7,8,0,84,8,34,10,16,3,8,5,18,31,60.35,9.6,4.734177215189874,21.875,1.9544819593429565,1.5215909406542778,1
28,7,0,77,5,42,9,13,3,7,10,5,19,40.48,13.1,5.1237458193979935,25.076923076923077,1.7660499811172485,1.4399589208456187,1
31,10,0,84,2,46,23,16,1,9,6,14,17,48.54,12.1,4.84366576819407,24.41176470588235,1.5261881351470947,1.2430447760750265,1
26,10,0,75,7,42,16,13,3,7,7,7,24,65.46,9.7,4.5602409638554215,26.5,1.784708857536316,1.4330690162522453,1
38,5,0,88,1,36,9,17,3,10,18,11,21,52.39,10.6,5.206060606060606,21.235294117647058,1.9649341106414795,1.5019713850582348,1
24,11,0,70,3,45,18,15,0,6,7,10,18,60.95,9.4,4.849122807017544,21.266666666666666,1.553587555885315,1.4091124137242634,1
8,4,0,30,7,20,6,8,3,2,6,1,14,67.08,9.1,4.618497109826589,24.125,1.1545367240905762,1.0560876578092575,1
12,14,0,59,1,36,13,13,0,4,2,1,10,62.88,8.7,4.946188340807175,19.923076923076923,1.6667418479919434,1.3330194583305945,1
16,17,0,60,7,50,17,20,2,7,6,7,21,71.85,7.3,4.498542274052478,19.55,1.6996114253997803,2.217151093482971,1
20,5,0,70,2,32,12,13,1,9,8,6,16,50.77,11.2,4.874551971326165,23.923076923076923,1.5864399671554565,1.2976863475946279,1
29,6,0,71,10,37,10,15,2,4,11,6,26,50.16,11.5,5.043613707165109,22.1875,1.6899093389511108,1.3882494047284126,1
15,10,0,53,12,32,11,14,0,5,13,5,18,69.52,8.2,4.405109489051095,21.785714285714285,1.5561797618865967,1.3324072360992432,1
15,4,0,70,5,36,6,14,2,5,1,3,22,52.09,10.7,4.9169675090252705,21.571428571428573,2.148831367492676,1.6339418547494071,1
20,13,0,69,9,40,4,16,3,9,3,8,19,59.74,9.9,4.619760479041916,22.375,1.8424475193023682,1.6066036969423294,1
12,7,0,77,0,49,6,16,6,10,4,4,19,61.06,9.4,4.84789644012945,21.5,2.0005452632904053,1.5752314627170563,1
17,2,0,42,4,25,8,10,0,3,2,3,7,61.77,9.1,4.801104972375691,20.0,1.15535306930542,1.1541420102119446,1
28,9,0,65,0,45,13,14,3,6,5,8,15,50.06,11.5,4.824104234527687,24.785714285714285,1.6702346801757812,1.4990783759525843,1
22,7,0,66,0,32,14,12,0,10,1,4,11,53.21,10.3,5.1078838174273855,23.083333333333332,1.8694162368774414,2.469045023123423,1
36,9,0,70,1,34,10,15,4,7,1,6,21,58.32,10.4,4.747747747747748,24.333333333333332,1.6664283275604248,1.6035924196243285,1
18,7,0,66,4,46,14,12,0,3,0,0,10,35.17,13.1,5.666666666666667,22.5,1.5941673517227173,1.561372737089793,1
17,8,0,64,2,32,6,12,1,2,3,7,25,67.89,8.8,4.726530612244898,22.416666666666668,1.6724779605865479,2.0824761390686035,1
26,12,0,66,3,36,22,16,2,8,13,7,24,56.86,8.9,5.110787172011662,24.6875,1.5191174745559692,1.3684924989938736,1
19,11,0,66,4,24,16,13,2,4,1,2,16,54.22,9.9,5.246696035242291,20.0,1.9092928171157837,1.63722720512977,1
27,15,0,81,6,49,8,19,0,8,7,11,23,54.12,10.0,4.977961432506887,20.57894736842105,1.6067794561386108,1.3044316015745465,1
13,6,0,61,5,47,9,14,0,2,3,7,7,59.53,9.9,4.910344827586207,21.066666666666666,1.952130675315857,1.6187910477320353,1
23,5,0,71,0,33,11,14,5,6,8,11,23,50.46,11.4,4.869565217391305,23.785714285714285,1.4989428520202637,1.708799387727465,1
25,10,0,79,3,42,12,17,0,5,4,7,22,53.81,10.1,5.179401993355482,19.764705882352942,1.9322887659072876,1.6385619710473454,1
19,9,0,78,0,29,11,13,2,3,5,9,17,42.21,12.5,5.107913669064748,23.46153846153846,1.601969838142395,1.3542069655198317,1
19,8,0,75,10,37,9,17,0,4,11,12,31,53.41,10.2,4.899676375404531,19.941176470588236,1.9135761260986328,1.589515440604266,1
30,14,0,57,8,27,10,14,3,7,5,8,25,59.64,9.9,4.561872909698996,22.266666666666666,1.8532757759094238,1.5019994338353475,1
18,9,0,62,18,40,11,14,3,8,5,6,12,67.49,9.0,4.553333333333334,23.714285714285715,1.7164976596832275,1.5697366339819772,1
18,4,0,70,12,40,15,15,1,14,3,8,21,67.99,8.8,4.449685534591195,27.846153846153847,2.200904369354248,2.2044114470481873,1
21,5,0,91,5,40,14,14,0,5,4,3,11,44.14,11.7,5.401486988847584,21.285714285714285,2.1640853881835938,1.5137989946774073,1
19,3,0,69,0,33,12,9,0,6,4,4,14,22.45,15.9,5.632558139534884,27.0,1.587626576423645,1.3157195647557576,1
17,12,0,60,9,36,10,12,3,4,13,3,11,57.61,10.7,4.725,23.53846153846154,1.7038252353668213,1.382776058637179,1
16,3,0,51,4,32,14,16,3,6,0,8,9,66.33,7.3,4.564655172413793,16.41176470588235,1.794435739517212,2.2320131808519363,1
19,16,0,69,1,43,10,12,1,9,4,6,13,56.18,11.2,4.606779661016949,27.25,1.703227162361145,1.5956052740414937,1
19,7,0,66,8,41,9,14,0,4,5,9,13,52.8,10.5,5.015325670498084,20.357142857142858,1.8830732107162476,1.486790086541857,1
19,9,0,65,0,30,8,12,0,1,3,6,12,46.47,10.8,5.574257425742574,18.75,1.8326891660690308,1.532711883385976,1
27,9,0,57,15,32,9,13,1,8,7,3,15,59.43,10.0,4.604240282685512,24.153846153846153,1.9192187786102295,1.5357079872718225,1
27,12,0,50,15,33,13,12,2,8,12,1,12,57.1,10.9,4.912280701754386,26.416666666666668,1.9209442138671875,1.561876803636551,1
27,9,0,56,7,29,9,10,1,4,1,8,18,42.21,12.5,5.2703862660944205,26.0,1.6699562072753906,1.4706207871437074,1
20,4,0,54,4,25,17,12,0,3,4,11,23,50.16,11.5,5.011627906976744,24.666666666666668,1.5180467367172241,1.3821033636728923,1
10,2,0,36,4,15,5,7,2,2,2,2,7,48.74,12.0,4.778443113772455,26.285714285714285,1.145119547843933,1.0635467427117484,1
15,8,0,55,4,26,7,11,3,7,9,5,15,56.39,11.2,4.6716981132075475,26.09090909090909,1.6299580335617065,1.3088608438318425,1
29,8,0,66,3,34,6,13,3,7,6,4,20,58.82,10.2,4.855123674911661,23.53846153846154,1.7369529008865356,1.4582395278490508,1
8,4,0,57,3,34,8,10,0,6,2,9,18,51.07,11.1,4.985221674876847,22.8,1.5347050428390503,1.5478373885154724,1
21,9,0,59,3,40,12,14,0,4,8,5,18,34.76,13.3,5.366906474820144,21.928571428571427,1.8361142873764038,1.5610816052981786,1
15,10,0,70,2,28,11,11,7,5,2,11,16,50.87,11.2,4.936974789915967,24.636363636363637,2.2594552040100098,1.6527559648860584,1
15,5,0,50,0,51,15,14,2,7,3,11,15,59.74,9.9,4.594405594405594,22.714285714285715,1.753035306930542,1.3451297794069563,1
30,13,0,106,8,36,25,17,1,8,9,17,34,55.17,11.6,4.828703703703703,28.058823529411764,1.6189799308776855,1.3267935023588293,1
34,9,0,75,3,26,8,14,2,6,6,7,11,62.48,8.8,4.987903225806452,19.5,1.6418856382369995,1.5373475551605225,1
31,6,0,70,2,41,5,12,0,3,2,11,9,50.36,11.4,5.337254901960784,23.166666666666668,1.9027678966522217,1.4211651682853699,1
28,9,0,77,7,43,13,16,2,4,10,8,18,61.26,9.3,4.87125748502994,20.555555555555557,1.8549517393112183,1.5416738523377314,1
16,7,0,59,9,40,8,12,1,4,8,4,19,58.92,10.2,4.933070866141732,22.153846153846153,2.007293939590454,1.790294885635376,1
30,14,0,51,6,26,15,16,1,8,4,6,13,65.42,7.7,4.920289855072464,19.75,1.7290321588516235,1.5876468569040298,1
15,13,0,65,8,46,12,16,0,5,9,7,21,44.64,11.5,5.135135135135135,20.375,1.948187232017517,1.6756695583462715,1
15,6,0,55,7,41,11,13,0,4,5,1,6,37.1,12.4,5.275862068965517,19.76923076923077,1.9430490732192993,1.5375243517068715,1
22,4,0,55,5,35,13,12,3,3,7,7,10,51.89,10.8,5.126050420168068,23.0,1.6318155527114868,1.3996245165665944,1
22,5,0,66,2,48,10,16,3,2,9,14,21,61.46,9.2,4.990228013029316,21.0625,1.9578040838241577,1.5807996019721031,1
26,12,0,98,2,37,6,19,3,6,7,9,15,46.98,10.6,5.262135922330097,17.789473684210527,1.7318435907363892,1.3560907777987028,1
20,11,0,61,6,26,7,15,0,8,8,8,6,60.95,9.4,4.634146341463414,19.625,1.7971621751785278,9.711275406181812,1
32,13,0,63,0,43,12,11,7,4,7,5,16,46.3,13.0,5.087108013937282,26.666666666666668,1.5444263219833374,1.3295728365580242,1
17,9,0,47,9,26,5,13,1,10,4,9,13,69.11,8.3,4.572549019607843,21.46153846153846,1.5849287509918213,1.6523348093032837,1
21,7,0,58,11,23,21,11,1,6,11,4,11,41.29,12.8,5.182572614107884,25.0,1.9303592443466187,1.4974393302744085,1
15,4,0,62,2,58,11,11,1,10,12,12,18,39.71,15.5,5.12,35.63636363636363,1.5612893104553223,1.2993590073152022,1
13,9,0,61,3,42,15,14,2,4,5,8,15,62.27,8.9,4.7272727272727275,23.0,1.5218479633331299,1.352268968309675,1
20,3,0,98,5,45,11,13,1,9,7,17,24,38.15,14.0,5.094017094017094,29.692307692307693,1.6302765607833862,1.4887275787500234,1
10,6,0,67,15,32,13,14,6,3,5,9,14,63.9,8.3,4.765217391304348,18.928571428571427,1.7082880735397339,1.8455454451697213,1
19,9,0,58,8,34,6,13,0,11,1,1,1,70.73,7.7,4.77292576419214,19.46153846153846,1.7390435934066772,1.464226557658269,1
32,6,0,66,7,23,11,11,11,4,2,5,19,41.7,12.7,5.124,25.90909090909091,1.3788553476333618,1.3061803362586282,1
25,10,0,69,1,46,11,14,1,8,2,10,14,44.34,11.6,5.233333333333333,23.357142857142858,1.8258297443389893,1.4482359119824,1
52,15,0,77,10,41,18,18,4,7,17,4,38,41.7,12.7,5.045454545454546,26.11111111111111,1.7264682054519653,1.566015488571591,1
25,8,0,58,4,52,15,12,0,14,10,1,6,63.93,10.3,4.517006802721088,25.153846153846153,1.5107030868530273,1.3779284678972685,1
11,8,0,48,0,34,10,13,0,1,4,9,16,43.83,11.8,5.209302325581396,21.692307692307693,1.8674964904785156,1.4599034969623272,1
16,3,0,72,4,32,10,13,0,6,3,10,16,59.53,9.9,4.943609022556391,22.307692307692307,1.8718132972717285,1.5060653044627264,1
26,8,0,61,0,30,8,11,1,5,1,6,12,50.06,11.5,5.03765690376569,23.636363636363637,1.6869683265686035,1.534178701314059,1
29,7,0,95,2,48,14,16,1,9,10,14,22,61.06,9.4,4.817391304347826,22.294117647058822,1.7700581550598145,1.6675943346584545,1
19,8,0,64,2,28,6,13,5,8,5,1,19,51.68,10.9,4.981343283582089,22.53846153846154,1.93363356590271,1.6126181895916278,1
32,7,0,86,3,41,23,19,0,11,5,11,26,69.82,8.1,4.773584905660377,22.210526315789473,1.5191904306411743,1.8493946037794415,1
43,5,0,70,6,41,11,16,0,6,3,5,13,45.76,11.1,5.2898550724637685,19.0625,1.8766735792160034,1.5056352838873863,1
19,14,0,73,6,41,17,14,3,12,6,10,12,58.21,10.5,4.615384615384615,25.071428571428573,1.8509514331817627,1.693355143070221,1
25,1,0,72,4,30,12,15,1,6,2,7,10,63.09,8.6,4.9381818181818184,19.4375,2.0151424407958984,1.5151373818516731,1
16,11,0,68,0,36,9,19,1,6,13,6,23,53.92,10.0,4.927899686520377,18.36842105263158,1.8643699884414673,1.7525624601464522,1
27,7,0,53,1,19,9,13,10,7,3,4,14,71.75,7.3,4.401709401709402,20.53846153846154,1.6291817426681519,1.5117844801682692,1
22,11,0,81,2,47,15,17,1,8,3,7,22,53.1,10.3,5.3628318584070795,23.11764705882353,1.583129644393921,1.28298819065094,1
17,10,0,68,10,41,28,12,1,8,11,8,13,57.71,10.7,4.795527156549521,29.916666666666668,1.6319406032562256,1.4550617535909016,1
27,12,0,56,1,28,6,13,4,4,10,3,18,50.77,11.2,5.021739130434782,23.076923076923077,1.817031741142273,1.3526989129873424,1
17,10,0,65,0,42,12,13,0,8,6,7,9,40.48,13.1,5.2687074829931975,25.153846153846153,1.65895676612854,1.9804635506409864,1
16,7,0,49,3,25,6,11,2,8,4,6,8,60.14,9.7,4.796380090497737,21.90909090909091,1.7898883819580078,1.5539094318043103,1
19,13,0,42,11,36,13,12,0,3,3,7,16,63.29,8.5,4.909871244635193,21.583333333333332,1.7207509279251099,1.5139414767424266,1
30,3,0,66,1,39,10,13,0,6,4,4,12,61.77,9.1,4.877358490566038,26.846153846153847,1.6316676139831543,1.6378717147386992,1
19,14,0,69,10,41,13,14,0,3,11,7,13,49.45,11.8,5.242718446601942,24.857142857142858,1.5027055740356445,1.2464102080890112,1
15,13,0,59,7,32,9,16,1,7,5,5,12,66.23,7.4,4.889733840304182,18.3125,2.4256865978240967,1.7614810913801193,1
11,8,0,67,5,43,13,16,2,5,7,10,15,54.63,9.8,4.91941391941392,19.0625,1.8746048212051392,1.906910665333271,1
15,9,0,39,7,21,9,11,0,4,2,5,5,63.49,8.4,4.686813186813187,18.545454545454547,1.5740201473236084,1.5919614705172451,1
9,7,0,63,6,40,10,11,0,5,7,6,9,69.11,8.3,4.517374517374518,26.545454545454547,1.3830385208129883,1.2374337803233753,1
14,6,0,62,7,27,4,12,2,7,12,8,23,58.01,10.5,4.561797752808989,24.0,1.8463129997253418,1.4402165512243907,1
17,10,0,65,6,40,13,14,0,5,4,6,18,51.28,11.1,5.109154929577465,23.5,1.8757662773132324,2.388071426323482,1
12,10,0,76,5,39,11,13,4,9,2,7,22,66.88,9.2,4.659649122807018,24.153846153846153,1.7981425523757935,1.4664918275979848,1
26,8,0,63,2,37,16,13,0,7,7,6,18,52.49,10.6,4.841935483870968,23.333333333333332,1.6870630979537964,1.375461475054423,1
16,10,0,65,9,40,12,12,0,4,6,11,23,66.07,9.5,4.947565543071161,24.666666666666668,1.608283281326294,1.3108827471733093,1
11,5,0,46,3,25,5,11,2,4,4,3,6,67.04,7.1,4.6187845303867405,18.181818181818183,1.1442235708236694,1.0797783027995715,1
31,7,0,73,7,41,6,13,6,7,6,8,12,41.7,12.7,5.290780141843972,22.785714285714285,1.7592509984970093,1.6399460713068643,1
26,10,0,88,1,51,10,19,0,4,3,12,26,43.12,12.1,5.274151436031332,22.05263157894737,1.394416332244873,1.208215469121933,1
28,5,0,77,8,39,15,14,0,2,5,8,14,51.78,10.9,5.25,21.857142857142858,1.5406649112701416,1.437413249697004,1
34,11,0,105,2,36,15,15,5,9,4,15,16,33.24,13.8,5.379204892966361,24.333333333333332,1.8760160207748413,1.4682213147481282,1
26,11,0,71,2,33,9,14,0,7,9,9,17,64.41,8.1,4.489510489510489,23.428571428571427,1.6682965755462646,1.417271878038134,1
12,4,0,70,6,35,9,13,2,11,5,2,13,68.3,8.7,4.6477272727272725,22.615384615384617,1.5287888050079346,1.479272328890287,1
21,7,0,82,3,41,18,14,1,11,7,8,10,42.82,12.2,5.241258741258742,23.071428571428573,1.7317911386489868,1.3213733860424586,1
16,14,0,68,12,36,8,11,1,5,6,3,7,63.09,8.6,4.684824902723736,21.615384615384617,1.4118906259536743,1.1980669498443604,1
24,16,0,73,0,43,12,15,0,5,2,7,11,49.86,11.6,4.870481927710843,24.533333333333335,1.8308061361312866,1.9106858809789022,1
28,9,0,72,6,38,9,13,2,4,10,4,12,49.35,11.8,5.009615384615385,26.076923076923077,1.7748900651931763,1.4329285346544707,1
32,13,0,72,10,42,9,14,7,8,6,5,20,55.47,11.5,4.600536193029491,28.928571428571427,1.5863937139511108,1.3027832848685128,1
34,5,0,73,4,43,9,18,0,4,11,9,30,56.96,8.9,5.086826347305389,20.38888888888889,1.8426790237426758,1.4721611936887105,1
21,12,0,79,3,29,15,17,3,12,4,2,9,72.26,7.1,4.510791366906475,18.705882352941178,1.5280916690826416,1.5842764798332662,1
