ADJ,ADV,CONJ,NOUN,NUM,VERB,COMMA,FULLSTOP,SPECIAL-,FUNCTION-A,FUNCTION-IN,FUNCTION-OF,FUNCTION-THE,uppercase_freq,flesch_reading_ease,flesch_kincaid_grade_level,avg_word_length,avg_sentence_length,text_perplexity,avg_sentence_perplexity,label
6,2,0,24,0,8,4,3,1,2,4,5,6,0.011976047904191617,37.94,14.1,5.48,28.333333333333332,1.5689014196395874,1.3371416727701824,1
21,5,0,46,1,16,8,5,1,7,5,1,8,0.02027027027027027,35.95,16.9,4.778409090909091,38.0,1.067218542098999,1.1096730470657348,1
12,3,0,23,1,11,5,5,1,3,5,2,2,0.009107468123861567,53.61,10.2,4.98876404494382,20.0,1.358391523361206,1.1594968557357788,1
11,1,0,35,0,8,6,4,5,1,1,7,10,0.03056768558951965,46.3,13.0,5.311320754716981,31.25,1.103574275970459,1.0810905396938324,1
2,1,0,21,0,10,5,3,0,0,1,0,0,0.021176470588235293,3.46,17.0,7.0588235294117645,19.666666666666668,1.6173019409179688,1.039368708928426,1
15,4,0,21,0,13,2,5,0,3,1,2,7,0.025411061285500747,34.66,13.3,5.673469387755102,21.4,1.2530088424682617,1.1020633935928346,1
12,1,0,35,2,14,7,4,2,1,3,0,3,0.005681818181818182,13.78,17.2,6.15625,27.25,1.129016399383545,1.0392905473709106,1
8,5,0,32,0,15,4,3,4,0,2,2,1,0.004178272980501393,11.28,20.2,5.588785046728972,39.333333333333336,1.144910216331482,1.1477455298105876,1
16,3,0,49,0,19,7,5,8,3,5,5,5,0.0311284046692607,23.9,17.4,5.273291925465839,36.6,1.07234525680542,1.006371831893921,1
10,4,0,34,2,13,3,4,3,0,1,6,6,0.006060606060606061,45.29,13.4,5.05607476635514,29.25,1.1784323453903198,1.083503246307373,1
2,3,0,17,1,6,3,3,1,1,2,0,0,0.01592356687898089,47.79,10.3,5.446808510638298,18.0,1.515521764755249,1.004791498184204,1
13,6,0,30,0,11,3,5,1,3,3,2,5,0.007062146892655367,9.28,16.8,5.95,21.8,1.1363219022750854,1.0009371995925904,1
16,5,0,25,1,7,9,4,0,1,2,3,3,0.01483679525222552,6.03,18.1,6.153846153846154,27.0,1.1372590065002441,1.0033419132232666,1
8,1,0,24,0,9,3,3,0,0,0,2,5,0.005780346820809248,45.39,13.3,5.584415584415584,27.666666666666668,1.1911686658859253,1.177124301592509,1
7,4,0,38,0,10,4,5,0,1,0,2,2,0.007473841554559043,11.31,16.1,6.420454545454546,19.6,1.1598871946334839,1.2476587057113648,1
11,4,0,44,0,23,2,6,6,3,6,8,3,0.005988023952095809,30.7,14.8,5.72108843537415,26.833333333333332,1.085282564163208,1.056332270304362,1
7,3,0,35,0,11,4,4,2,5,2,4,6,0.006756756756756757,39.37,13.6,5.08421052631579,26.25,1.2713167667388916,1.069496363401413,1
6,1,0,26,0,10,6,3,0,1,0,5,1,0.0057361376673040155,21.02,16.5,5.864864864864865,27.666666666666668,1.184397578239441,1.0026672681172688,1
8,0,0,18,0,9,5,4,0,0,0,1,4,0.032520325203252036,28.33,13.7,5.814285714285714,19.75,1.3121219873428345,1.0248705446720123,1
16,2,0,22,0,11,3,4,0,4,2,1,0,0.01092896174863388,25.8,14.6,5.62962962962963,22.0,1.3174645900726318,1.05178564786911,1
10,3,0,39,0,14,5,4,1,2,0,6,5,0.005277044854881266,9.72,18.7,5.693693693693693,30.25,1.187308669090271,1.1667991876602173,1
15,0,0,29,0,10,2,5,0,1,3,3,2,0.02607361963190184,27.01,14.2,5.776595744680851,20.6,1.1340177059173584,1.0010344982147217,1
12,1,0,41,0,10,4,4,1,4,1,2,1,0.017069701280227598,20.42,16.7,5.715686274509804,28.75,1.1302821636199951,1.0835489332675934,1
13,5,0,23,1,9,5,3,0,1,3,3,1,0.015734265734265736,33.88,15.7,5.465116279069767,32.0,1.1569266319274902,1.0465212265650432,1
18,5,0,30,0,11,5,4,1,4,2,4,4,0.005082592121982211,16.15,18.3,5.441666666666666,32.5,1.1169110536575317,1.0079241394996643,1
8,5,0,20,3,11,7,4,0,1,4,1,5,0.007782101167315175,49.65,11.7,4.77906976744186,24.25,1.2227548360824585,1.1724145710468292,1
18,4,0,38,0,7,5,4,0,1,3,7,4,0.0049079754601227,30.74,16.9,5.299212598425197,34.0,1.1190341711044312,1.074308067560196,1
13,1,0,17,0,7,1,3,1,1,3,2,2,0.034482758620689655,16.02,16.3,5.984615384615385,23.333333333333332,1.1644595861434937,1.0006122191747029,1
4,1,0,19,0,9,3,3,0,1,3,3,2,0.007481296758104738,57.61,10.7,4.893939393939394,24.0,1.1908016204833984,1.2420364618301392,1
7,2,0,18,0,9,1,3,0,2,0,0,3,0.04656862745098039,26.51,14.4,5.661016949152542,23.0,1.42527437210083,1.1765497128168743,1
13,1,0,22,0,8,6,4,0,2,1,2,2,0.007736943907156673,35.27,13.1,5.592105263157895,21.5,1.2622699737548828,1.1186213195323944,1
9,0,0,26,1,6,1,3,0,2,2,8,5,0.013888888888888888,54.56,11.9,4.5,28.333333333333332,1.2905038595199585,1.7101623217264812,1
20,3,0,33,0,10,8,4,1,4,3,3,3,0.009320905459387484,19.4,17.1,5.859813084112149,30.0,1.1834498643875122,1.0024517476558685,1
19,4,0,32,1,17,4,5,0,4,4,3,1,0.008225616921269096,37.03,14.5,5.488372093023256,27.6,1.1246603727340698,1.0874797105789185,1
12,0,0,30,1,9,4,4,2,4,3,3,8,0.006389776357827476,38.15,14.0,5.019607843137255,28.0,1.1204776763916016,1.0782918334007263,1
15,3,0,43,0,12,10,5,0,1,2,5,7,0.01770956316410862,29.18,15.4,5.592,28.4,1.2775330543518066,1.0697573900222779,1
16,8,0,23,0,15,6,5,1,4,0,2,6,0.024251069900142655,32.63,14.1,5.209090909090909,24.8,1.1163617372512817,1.082241678237915,1
20,4,0,29,0,16,8,4,4,0,0,1,0,0.009472259810554804,13.28,17.4,6.19,29.5,1.1718729734420776,1.0688030421733856,1
17,3,0,28,0,14,2,4,0,3,4,3,2,0.005689900426742532,13.48,17.3,6.273684210526316,25.25,1.1442651748657227,1.0577372908592224,1
9,5,0,24,0,12,4,4,3,0,2,4,4,0.03553299492385787,31.72,14.4,5.204301075268817,26.0,1.1412765979766846,1.003680408000946,1
26,6,0,54,0,9,8,5,0,4,5,8,8,0.007483629560336763,23.29,17.7,5.512345679012346,35.6,1.1485506296157837,1.0420165300369262,1
17,2,0,27,0,10,3,3,2,2,1,5,6,0.004815409309791332,15.65,18.5,5.641304347826087,33.333333333333336,1.1529531478881836,1.082201401392619,1
8,5,0,25,1,15,7,5,1,2,0,4,5,0.015873015873015872,36.49,12.6,5.736263736263736,20.8,1.2345267534255981,1.0016021490097047,1
13,3,0,25,0,11,4,4,1,0,0,3,5,0.0070921985815602835,33.95,13.6,5.7073170731707314,22.75,1.2072619199752808,1.0086521804332733,1
6,4,0,39,1,16,5,4,2,1,4,3,2,0.005221932114882507,26.85,16.3,5.7657657657657655,30.5,1.1284350156784058,1.0017088949680328,1
11,4,0,25,0,12,5,4,0,3,2,1,4,0.00625,30.91,14.7,5.720430107526882,25.5,1.2481703758239746,1.2208605408668518,1
12,6,0,18,0,8,5,4,1,2,0,3,3,0.011278195488721804,35.47,13.0,5.653846153846154,22.0,1.323012113571167,1.0066368877887726,1
16,2,0,38,0,11,7,3,3,3,2,5,8,0.004076086956521739,23.43,19.7,5.0,44.333333333333336,1.1251187324523926,1.1074897448221843,1
4,1,0,19,4,9,2,3,0,2,2,2,1,0.08316430020283976,58.48,8.3,4.890243902439025,30.333333333333332,1.1304233074188232,1.1260758638381958,1
12,3,0,34,0,6,4,4,0,0,0,2,2,0.006589785831960461,48.33,12.2,5.516483516483516,24.75,1.1368238925933838,1.0007314383983612,1
10,4,0,18,0,5,2,2,0,0,0,2,3,0.026726057906458798,13.62,19.3,5.765625,37.0,1.1743836402893066,1.161769449710846,1
8,2,0,27,1,9,6,3,0,0,3,9,7,0.015025041736227046,30.84,16.8,5.126315789473685,35.333333333333336,1.1883738040924072,1.3119653860727947,1
6,4,0,25,0,13,6,3,1,0,1,2,2,0.005649717514124294,29.18,15.4,5.7894736842105265,28.666666666666668,1.1705944538116455,1.0013025601704915,1
22,8,0,49,0,28,11,7,0,3,7,2,12,0.007757951900698216,22.14,16.0,5.666666666666667,26.5,1.0689663887023926,1.021430790424347,1
15,5,0,23,0,9,5,5,0,0,4,3,4,0.008532423208191127,53.21,10.3,5.333333333333333,20.0,1.3328568935394287,1.056325650215149,1
18,3,0,27,0,13,5,5,0,3,2,1,1,0.007530120481927711,41.9,12.6,5.09433962264151,24.0,1.170676827430725,1.0134560346603394,1
9,2,0,26,0,10,2,3,0,0,0,2,4,0.005208333333333333,25.83,16.7,5.5813953488372094,30.333333333333332,1.1963595151901245,1.1554711659749348,1
12,2,0,33,0,9,4,4,0,4,2,8,10,0.0260989010989011,41.03,15.0,4.933333333333334,32.5,1.1174565553665161,1.0898087620735168,1
10,6,0,28,0,12,3,4,0,2,2,8,1,0.02848575712143928,36.63,14.6,5.150943396226415,29.25,1.1539223194122314,1.0060895681381226,1
9,1,0,26,0,8,1,3,2,1,1,2,6,0.013461538461538462,21.74,16.2,5.786666666666667,27.666666666666668,1.286171317100525,1.1562955379486084,1
11,1,0,22,0,9,2,4,1,2,0,2,1,0.007984031936127744,35.27,13.1,5.35064935064935,21.0,1.3643213510513306,1.1121951639652252,1
10,7,0,29,0,9,3,4,0,0,1,3,2,0.00644122383252818,23.46,15.5,5.831460674157303,24.0,1.3232483863830566,1.0527029037475586,1
14,3,0,27,4,12,6,5,1,1,3,2,7,0.022435897435897436,67.89,8.8,4.950980392156863,22.8,1.2724742889404297,1.0301688671112061,1
11,5,0,13,1,7,1,3,1,3,0,0,1,0.013333333333333334,16.02,16.3,5.681818181818182,23.666666666666668,1.7143398523330688,1.468082586924235,1
11,1,0,30,0,11,4,4,1,1,2,3,10,0.0068846815834767644,48.13,12.3,5.096774193548387,25.5,1.2966912984848022,1.0274759829044342,1
7,2,0,17,0,8,3,4,0,0,1,3,5,0.026262626262626262,42.92,12.2,5.075949367088608,22.0,1.3085421323776245,1.003127008676529,1
3,0,0,23,0,9,7,4,0,1,1,5,5,0.00808080808080808,44.75,11.5,5.638888888888889,20.75,1.41771399974823,1.075442612171173,1
13,6,0,33,3,9,7,5,4,2,2,5,3,0.029871977240398292,40.89,13.0,5.04424778761062,26.2,1.1216636896133423,1.0790413618087769,1
7,2,0,11,0,5,5,2,0,0,1,1,1,0.022508038585209004,61.97,9.0,4.60377358490566,20.333333333333332,1.288228154182434,1.0056209166844685,1
6,8,0,42,0,14,8,5,1,3,0,2,1,0.006165228113440197,39.87,13.4,5.737288135593221,26.4,1.1290239095687866,1.081705355644226,1
13,2,0,23,0,10,5,4,1,3,2,2,2,0.00641025641025641,38.35,13.9,5.214285714285714,27.0,1.2084717750549316,1.0030849874019623,1
10,5,0,22,0,15,3,3,0,2,1,4,3,0.004838709677419355,16.36,18.3,5.909090909090909,31.333333333333332,1.1452035903930664,1.0903552373250325,1
9,2,0,22,2,11,2,3,2,0,3,5,6,0.005555555555555556,28.17,15.8,5.6125,29.0,1.1448918581008911,1.1139442125956218,1
15,7,0,33,0,10,3,5,0,1,1,4,10,0.006775067750677507,40.48,13.1,5.473214285714286,24.0,1.118585228919983,1.0043548583984374,1
20,3,0,28,0,9,5,4,0,2,3,6,5,0.006134969325153374,22.75,15.8,5.923913043478261,25.25,1.2768055200576782,1.086404412984848,1
7,3,0,13,0,3,2,2,0,1,1,1,1,0.023026315789473683,31.72,14.4,5.533333333333333,24.5,1.2648210525512695,1.0035898685455322,1
28,1,0,91,0,21,11,11,2,3,1,10,3,0.011988716502115656,43.93,11.8,5.598086124401914,20.333333333333332,1.1376138925552368,1.156151572863261,1
19,7,0,49,4,21,9,6,1,2,4,3,8,0.004979253112033195,16.66,18.1,5.7272727272727275,32.166666666666664,1.1205978393554688,1.0006769100824993,1
15,5,0,29,0,14,6,5,0,2,4,3,6,0.030013642564802184,40.28,13.2,5.392857142857143,24.6,1.2306047677993774,1.023231029510498,1
18,3,0,34,1,6,6,4,0,6,1,4,8,0.005891016200294551,44.07,13.8,5.138888888888889,29.5,1.2739108800888062,1.052020788192749,1
3,0,0,6,0,3,1,1,0,1,0,0,0,0.0364963503649635,84.68,4.4,4.333333333333333,13.5,1.5656824111938477,1.0037771463394165,1
8,2,0,22,0,9,5,3,0,1,2,3,3,0.005703422053231939,36.63,14.6,5.564102564102564,28.666666666666668,1.154116153717041,1.2031668027242024,1
11,3,0,35,1,14,3,4,3,2,5,6,4,0.013414634146341463,24.31,17.3,5.614754098360656,33.0,1.087090015411377,1.0271583497524261,1
8,4,0,36,0,11,6,6,0,1,2,6,10,0.008356545961002786,28.03,13.8,5.542056074766355,19.833333333333332,1.2325249910354614,1.0492880940437317,1
16,4,0,29,0,9,2,4,2,2,1,4,7,0.005681818181818182,12.97,17.5,5.93,27.0,1.1279419660568237,1.0036654472351074,1
25,11,0,51,0,24,14,6,5,1,4,2,5,0.00528169014084507,11.25,18.2,5.851851851851852,31.333333333333332,1.1066745519638062,1.0576526920000713,1
6,0,0,8,0,2,2,2,0,1,0,0,0,0.026785714285714284,29.35,13.3,5.171428571428572,19.5,1.5847525596618652,1.0063536763191223,1
10,0,0,19,0,5,9,2,0,0,0,1,1,0.020512820512820513,34.09,15.6,5.322033898305085,36.0,1.524861454963684,1.320387601852417,1
12,2,0,20,0,9,4,4,0,2,1,2,1,0.00823045267489712,20.58,14.6,5.855072463768116,19.5,1.1876612901687622,1.0017191469669342,1
47,8,0,93,2,24,21,14,2,5,7,12,8,0.007281553398058253,9.48,16.8,6.304347826086956,22.714285714285715,1.0347487926483154,1.0260266150747026,1
7,4,0,28,9,16,7,6,0,2,7,4,6,0.07763157894736843,58.92,10.2,4.75,25.0,1.0874979496002197,1.0009151498476665,1
6,3,0,16,0,7,2,2,1,1,3,4,4,0.03365384615384615,40.38,13.2,4.9411764705882355,37.5,1.1698265075683594,1.0591689348220825,1
8,3,0,22,0,8,5,3,0,1,0,2,1,0.014799154334038054,32.53,14.1,6.030769230769231,25.0,1.4078872203826904,1.0711776812871296,1
15,2,0,27,0,6,4,4,0,0,1,4,4,0.021739130434782608,24.78,15.0,5.928571428571429,23.5,1.1545809507369995,1.004733681678772,1
11,1,0,21,0,9,2,4,0,0,0,4,6,0.009029345372460496,29.04,13.4,5.432835820895522,18.25,1.291502594947815,1.2610149383544922,1
5,3,0,24,0,13,3,4,0,0,3,2,4,0.007827788649706457,34.97,13.2,5.467532467532467,21.0,1.4358479976654053,1.0151609778404236,1
19,5,0,23,0,12,7,4,0,5,5,4,1,0.011412268188302425,12.26,17.8,5.82,28.25,1.1184782981872559,1.0013141930103302,1
8,1,0,40,0,9,7,4,0,1,2,3,4,0.006644518272425249,48.84,12.0,5.488888888888889,25.75,1.3094120025634766,1.070164978504181,1
18,7,0,49,0,9,10,5,0,6,3,7,18,0.007157464212678937,32.36,16.2,5.26797385620915,33.6,1.2482513189315796,1.1663342714309692,1
9,2,0,29,1,9,3,4,1,3,2,5,5,0.006622516556291391,31.72,14.4,5.4945054945054945,24.75,1.1694880723953247,1.0669267177581787,1
16,3,0,23,0,8,6,3,0,1,0,3,1,0.005226480836236934,10.23,18.5,5.901234567901234,30.0,1.1800836324691772,1.0024979909261067,1
4,1,0,17,3,9,2,3,1,1,3,3,3,0.02591792656587473,8.88,17.0,6.377049180327869,22.666666666666668,1.311780571937561,1.0702263514200847,1
18,3,0,24,0,14,7,5,0,0,2,6,10,0.028602860286028604,12.87,17.5,6.254098360655738,28.0,1.2916259765625,1.0329440116882325,1
15,8,0,36,0,11,8,5,4,2,0,4,3,0.01098901098901099,33.44,13.8,5.564814814814815,25.0,1.2263314723968506,1.0196001768112182,1
13,9,0,34,0,13,8,5,0,1,1,6,6,0.00589622641509434,29.59,15.2,5.632,28.0,1.1262489557266235,1.0102221012115478,1
14,1,0,25,1,5,6,4,1,1,1,3,2,0.0392156862745098,23.97,15.3,5.75,25.25,1.2850511074066162,1.0562438666820526,1
0,0,0,10,0,7,1,2,0,1,0,1,5,0.00881057268722467,74.02,8.5,3.8444444444444446,24.0,1.4069926738739014,1.0016021728515625,1
9,3,0,23,0,9,3,4,2,1,2,2,0,0.01764705882352941,42.41,12.4,4.9879518072289155,23.0,1.2133768796920776,1.0057134628295898,1
10,4,0,27,0,9,3,4,0,1,3,4,5,0.029462738301559793,32.73,14.0,5.534883720930233,23.75,1.2868990898132324,1.5866713225841522,1
9,3,0,22,0,11,1,3,2,0,2,2,2,0.006224066390041493,40.38,13.2,5.742857142857143,25.666666666666668,1.1790066957473755,1.001614252726237,1
3,3,0,21,0,8,1,3,2,0,1,2,4,0.013605442176870748,9.89,16.6,6.288135593220339,22.0,1.2183573246002197,1.0022590557734172,1
12,3,0,31,0,9,6,4,2,1,0,5,6,0.006172839506172839,31.41,14.5,5.73404255319149,26.5,1.2862401008605957,1.0383139550685883,1
7,3,0,14,2,6,1,3,0,2,1,1,2,0.013404825737265416,11.92,15.8,5.980769230769231,19.0,1.3964990377426147,1.0460095405578613,1
10,3,0,38,3,11,6,4,0,2,2,5,4,0.005714285714285714,34.29,15.5,4.956521739130435,31.5,1.2109593152999878,1.0664546489715576,1
10,3,0,33,0,6,10,4,1,1,1,3,1,0.013133208255159476,52.19,10.7,5.564102564102564,23.75,1.341625690460205,1.1898229718208313,1
30,5,0,69,0,15,12,8,0,7,1,6,15,0.009922041105598866,27.56,16.0,5.441860465116279,29.625,1.091965913772583,1.0950042754411697,1
13,5,0,26,0,12,2,4,0,0,2,4,2,0.0121580547112462,45.59,13.2,5.333333333333333,27.0,1.1410112380981445,1.0007924437522888,1
13,2,0,17,0,8,2,3,0,1,0,3,5,0.006237006237006237,38.96,13.7,5.619718309859155,25.333333333333332,1.1791572570800781,1.1046511332194011,1
10,8,0,35,0,15,5,5,2,4,3,2,4,0.01020408163265306,31.41,14.5,5.555555555555555,26.2,1.1217138767242432,1.089053249359131,1
6,1,0,24,0,12,5,4,0,1,0,3,4,0.007079646017699115,17.03,15.9,5.790123456790123,22.5,1.356174111366272,1.0057078301906586,1
14,6,0,32,0,14,6,5,0,0,0,6,4,0.007022471910112359,42.72,12.3,5.891089108910891,22.4,1.2352079153060913,1.0556067943572998,1
13,4,0,35,0,14,7,4,1,3,1,7,9,0.020151133501259445,41.23,14.9,5.441666666666666,34.0,1.1164344549179077,1.0036341547966003,1
13,2,0,33,0,9,5,4,0,0,0,6,6,0.015600624024960999,30.4,14.9,5.36734693877551,28.0,1.2244956493377686,1.0248079597949982,1
10,1,0,27,0,10,2,3,6,2,2,3,0,0.00631578947368421,23.77,15.4,5.283783783783784,28.666666666666668,1.412448763847351,1.0931291182835896,1
10,5,0,19,0,11,3,3,1,1,3,3,4,0.04308797127468582,27.15,16.2,5.597560975609756,31.0,1.1448723077774048,1.0641425053278606,1
14,4,0,28,0,12,5,4,0,1,1,7,5,0.005847953216374269,28.88,15.5,5.623762376237623,27.5,1.268791913986206,1.053751289844513,1
10,2,0,29,0,14,4,4,0,0,1,5,6,0.0070052539404553416,48.84,12.0,5.188888888888889,24.75,1.1625193357467651,1.0015344023704529,1
8,4,0,20,0,6,4,4,0,0,3,5,7,0.008547008547008548,53.71,10.1,5.485714285714286,19.5,1.3225528001785278,1.058897852897644,1
6,4,0,28,0,13,6,4,0,4,3,1,4,0.007204610951008645,28.88,15.5,5.485714285714286,29.0,1.1761075258255005,1.0035702288150787,1
15,2,0,25,0,6,5,4,0,0,1,3,1,0.00749063670411985,35.47,13.0,5.92,21.0,1.3883000612258911,1.044952392578125,1
9,2,0,25,1,8,2,4,1,0,3,1,0,0.007736943907156673,27.32,14.0,5.733333333333333,20.5,1.3350868225097656,1.07061105966568,1
17,1,0,17,0,12,1,3,0,1,2,0,1,0.01098901098901099,5.83,18.2,6.739130434782608,25.0,1.1523650884628296,1.0693717400232952,1
10,3,0,24,0,8,3,3,0,1,1,3,4,0.01949317738791423,29.89,15.1,5.77027027027027,27.0,1.168472409248352,1.1036365032196045,1
13,9,0,39,0,13,5,4,3,1,4,3,3,0.004895960832313341,10.43,18.5,6.290909090909091,30.5,1.1194946765899658,1.0024502277374268,1
12,4,0,33,0,12,9,4,0,3,2,0,3,0.00967741935483871,22.45,15.9,5.462365591397849,26.5,1.2781813144683838,1.0017235577106476,1
13,5,0,19,0,2,6,4,0,1,2,2,6,0.009280742459396751,39.97,13.3,5.102941176470588,19.5,1.2644134759902954,1.0049343407154083,1
12,4,0,22,4,13,1,4,0,1,4,3,1,0.0457516339869281,44.54,11.6,5.456521739130435,26.25,1.12735116481781,1.0499649941921234,1
10,6,0,33,0,14,5,6,1,3,2,2,3,0.008391608391608392,33.65,13.7,5.711538461538462,19.333333333333332,1.1220873594284058,1.3082176446914673,1
11,2,0,36,1,12,11,4,3,1,2,7,7,0.01361573373676248,37.84,14.1,5.203883495145631,30.75,1.238343596458435,1.0586614608764648,1
4,3,0,24,0,10,3,3,1,6,0,2,5,0.006607929515418502,45.8,13.2,4.688311688311688,29.333333333333332,1.1686500310897827,1.112995942433675,1
10,3,0,21,0,7,3,4,0,1,3,2,6,0.007326007326007326,27.01,14.2,6.1066666666666665,20.5,1.2643141746520996,1.0673464238643646,1
14,1,0,23,0,6,4,4,0,0,1,2,10,0.0076045627376425855,34.76,13.3,5.564102564102564,21.5,1.3345974683761597,1.0462799668312073,1
8,2,0,22,0,11,2,4,0,1,1,4,10,0.007079646017699115,40.18,13.2,5.144444444444445,24.0,1.2491555213928223,1.0267082452774048,1
17,2,0,29,0,14,4,4,2,1,0,4,7,0.01910828025477707,27.62,13.9,5.90990990990991,31.25,1.0847549438476562,1.0448952615261078,1
7,4,0,24,0,7,3,4,0,0,1,2,5,0.014652014652014652,25.49,14.7,5.512195121951219,22.25,1.214363932609558,1.0022840797901154,1
13,5,0,24,1,4,7,3,2,0,0,5,3,0.006396588486140725,23.05,15.7,5.4714285714285715,27.333333333333332,1.3515362739562988,1.203538179397583,1
13,7,0,25,0,10,8,3,0,1,1,3,3,0.005338078291814947,20.39,20.8,5.423529411764706,32.0,1.205088496208191,1.4461015860239665,1
13,3,0,31,1,11,4,4,2,6,4,4,4,0.03896103896103896,35.1,15.2,4.964601769911504,32.25,1.2166993618011475,1.5499271750450134,1
13,2,0,21,0,7,4,4,4,0,1,3,2,0.01996007984031936,28.54,13.6,5.671232876712328,21.25,1.4133492708206177,1.07436603307724,1
16,4,0,40,1,14,6,6,1,2,0,4,8,0.00718562874251497,41.19,12.9,5.244274809160306,24.0,1.088043212890625,1.1140982906023662,1
9,2,0,12,0,5,2,3,1,1,1,1,0,0.009259259259259259,39.03,11.6,5.659574468085107,17.666666666666668,1.284110188484192,1.0012098948160808,1
7,2,0,24,0,8,5,3,1,1,0,1,0,0.006944444444444444,17.64,15.7,5.852459016393443,23.666666666666668,1.230791449546814,1.001092513402303,1
22,3,0,57,0,26,5,12,2,6,10,8,15,0.03526093088857546,35.78,12.9,5.082608695652174,20.916666666666668,1.0572328567504883,1.1506414512793224,1
9,2,0,21,0,7,11,3,0,0,0,0,0,0.008152173913043478,29.14,13.3,5.96,21.333333333333332,1.4853131771087646,1.1355802615483601,1
10,2,0,14,0,6,3,3,0,4,3,0,0,0.048728813559322036,23.77,15.4,5.909090909090909,25.333333333333332,1.1624655723571777,1.031968355178833,1
14,6,0,35,0,8,4,5,0,1,2,10,12,0.007716049382716049,49.75,11.6,4.91588785046729,23.2,1.2955942153930664,1.115421223640442,1
21,2,0,50,0,12,7,5,1,1,1,8,6,0.005040322580645161,10.03,18.6,6.065217391304348,30.2,1.0833008289337158,1.0006028652191161,1
5,0,0,24,0,8,3,2,0,0,0,3,6,0.004629629629629629,28.51,17.7,5.1911764705882355,36.5,1.2412147521972656,1.0075108408927917,1
5,4,0,26,0,13,2,4,1,0,1,2,5,0.006568144499178982,48.84,12.0,5.571428571428571,24.5,1.185498595237732,1.0018350481987,1
18,3,0,31,0,11,7,4,1,1,1,1,0,0.006069802731411229,15.31,16.6,6.191011235955056,25.75,1.1753439903259277,1.0648295879364014,1
11,7,0,27,1,16,4,4,0,2,2,2,3,0.005547850208044383,27.66,16.0,5.669811320754717,28.5,1.1357612609863281,1.1195768415927887,1
11,4,0,33,0,10,3,4,0,2,5,1,1,0.006211180124223602,29.38,15.3,5.373737373737374,26.5,1.1452399492263794,1.0445048213005066,1
16,2,0,27,0,17,2,5,0,0,1,4,3,0.0064516129032258064,24.37,15.2,6.121495327102804,22.8,1.1411795616149902,1.0013384819030762,1
15,2,0,26,0,7,3,3,0,1,1,2,5,0.024469820554649267,9.93,18.7,6.304878048780488,30.0,1.2362604141235352,1.0980520645777385,1
21,4,0,33,0,13,5,4,0,1,4,1,0,0.005502063273727648,34.6,15.4,5.357142857142857,30.25,1.2548006772994995,1.013762205839157,1
14,4,0,18,0,10,1,4,0,3,1,3,2,0.006944444444444444,48.64,12.1,5.277777777777778,23.75,1.139204502105713,1.0427080690860748,1
13,4,0,15,0,7,3,4,0,1,1,2,6,0.008791208791208791,36.79,12.5,5.314285714285714,19.25,1.2836885452270508,1.0779229402542114,1
11,2,0,30,0,17,2,4,0,1,6,3,6,0.013458950201884253,33.07,16.0,5.161016949152542,32.0,1.1188119649887085,1.267852783203125,1
12,2,0,27,0,7,1,3,1,3,1,5,7,0.00528169014084507,26.44,16.5,5.576470588235294,30.0,1.3098194599151611,1.1984423796335857,1
9,1,0,37,0,11,5,4,0,1,3,4,8,0.005813953488372093,36.63,14.6,5.471153846153846,28.25,1.1358871459960938,1.2321372330188751,1
14,6,0,29,0,10,7,4,3,2,2,4,7,0.005780346820809248,27.86,15.9,5.201834862385321,30.75,1.1715630292892456,1.0184184610843658,1
11,0,0,14,0,5,2,3,0,3,0,1,0,0.008021390374331552,11.92,15.8,6.117647058823529,18.666666666666668,1.4708303213119507,1.0596065123875935,1
15,1,0,30,0,10,7,3,2,0,6,3,6,0.011747430249632892,13.31,19.4,5.707070707070707,37.333333333333336,1.1818450689315796,1.1495901346206665,1
10,5,0,26,1,8,5,3,0,1,2,2,5,0.00546448087431694,19.71,17.0,5.6419753086419755,29.666666666666668,1.1721713542938232,1.0021983782450359,1
10,2,0,29,0,9,4,4,0,2,0,5,2,0.007220216606498195,41.4,12.8,5.352941176470588,23.25,1.302750825881958,1.1953105330467224,1
8,7,0,21,1,10,3,3,0,2,2,5,7,0.012867647058823529,35.31,15.1,5.487804878048781,29.333333333333332,1.1774331331253052,1.1433869202931721,1
16,3,0,28,1,8,5,4,0,1,1,4,9,0.0061162079510703364,21.74,16.2,5.474747474747475,27.25,1.1273943185806274,1.0080519020557404,1
12,5,0,34,0,13,7,4,0,6,3,5,0,0.01584786053882726,37.34,14.3,4.980582524271845,28.5,1.1122797727584839,1.010806143283844,1
15,4,0,28,1,13,5,4,0,2,2,1,4,0.03254437869822485,37.34,14.3,5.450980392156863,28.75,1.1104344129562378,1.0587836802005768,1
10,3,0,26,0,12,2,4,1,0,0,5,11,0.011965811965811967,31.92,14.3,5.344444444444444,24.75,1.2719300985336304,1.1383706033229828,1
13,4,0,27,2,8,4,4,0,10,0,5,4,0.00641025641025641,44.07,13.8,4.605504587155964,29.25,1.1210260391235352,1.0978367030620575,1
5,5,0,28,0,9,5,3,2,0,3,2,3,0.00546448087431694,19.4,17.1,5.469879518072289,31.0,1.3437647819519043,1.3350943724314372,1
16,2,0,31,0,14,6,4,3,2,3,2,5,0.006024096385542169,30.2,15.0,5.545454545454546,28.0,1.1489745378494263,1.065885066986084,1
12,4,0,37,0,14,9,5,0,1,4,3,5,0.010610079575596816,17.74,15.7,6.469387755102041,22.8,1.2661563158035278,1.0524298667907714,1
29,2,0,62,0,16,9,13,1,0,2,5,3,0.013368983957219251,40.65,11.0,5.446428571428571,12.058823529411764,1.1879589557647705,1.0392808283076567,1
16,5,0,23,0,9,7,5,1,4,0,4,0,0.008445945945945946,37.1,12.4,5.597701149425287,20.0,1.2910081148147583,1.0464033365249634,1
12,4,0,27,0,10,6,4,0,3,6,1,0,0.03376205787781351,43.53,12.0,5.291666666666667,27.0,1.1697121858596802,1.1062270998954773,1
8,3,0,25,11,12,9,5,0,0,5,5,7,0.026874115983026876,57.37,8.7,5.153153153153153,25.8,1.1066690683364868,1.1339685678482057,1
9,4,0,26,0,12,6,4,1,1,2,2,2,0.0112,16.52,16.1,6.25,23.75,1.3544949293136597,1.0700474679470062,1
12,4,0,28,0,10,3,4,0,1,1,2,4,0.006329113924050633,31.21,14.6,5.6063829787234045,25.25,1.1949551105499268,1.0017002820968628,1
5,5,0,37,1,20,5,5,1,1,3,1,1,0.007142857142857143,25.8,14.6,5.752475247524752,22.8,1.2520692348480225,1.0198042869567872,1
17,6,0,37,0,14,11,5,0,0,2,1,0,0.00580046403712297,6.24,18.0,6.37719298245614,26.0,1.1028826236724854,1.0513908386230468,1
10,3,0,24,1,6,5,4,1,1,1,2,4,0.015250544662309368,53.41,10.2,5.013513513513513,21.25,1.1654375791549683,1.0604574382305145,1
2,3,0,18,0,13,4,3,1,0,0,2,5,0.007194244604316547,49.86,11.6,5.2153846153846155,24.333333333333332,1.4179461002349854,1.0860613584518433,1
6,0,0,12,0,6,2,2,0,1,1,0,0,0.017006802721088437,33.24,13.8,5.627906976744186,23.5,1.3817378282546997,1.0056093335151672,1
8,1,0,21,0,12,3,3,2,0,0,3,4,0.016260162601626018,44.78,13.5,4.925925925925926,29.666666666666668,1.2702903747558594,1.075985312461853,1
23,9,0,40,3,11,12,8,0,1,3,7,5,0.06182795698924731,41.4,12.8,5.3274853801169595,25.0,1.0670452117919922,1.0470274984836578,1
9,2,0,20,1,13,1,3,3,3,0,2,1,0.005597014925373134,49.18,13.9,4.595744680851064,33.666666666666664,1.1806459426879883,1.002017577489217,1
14,5,0,32,0,13,6,4,2,4,1,1,5,0.005405405405405406,27.35,16.1,5.6422018348623855,30.25,1.160274863243103,1.0186795592308044,1
10,0,0,30,0,11,3,4,2,4,3,2,0,0.0070052539404553416,26.81,14.2,5.888888888888889,23.25,1.1117594242095947,1.0232299268245697,1
30,13,0,87,8,41,27,18,1,7,11,8,20,0.01037117903930131,62.58,8.8,4.7387096774193544,19.88888888888889,1.1185927391052246,1.210338917043474,1
27,6,0,108,3,48,10,15,1,6,9,14,28,0.010124252185918085,50.77,11.2,5.155172413793103,25.0,1.053112268447876,1.0567206223805745,1
19,14,0,57,0,53,16,18,0,8,4,9,18,0.015367103016505406,70.53,7.8,4.299382716049383,20.166666666666668,1.0750354528427124,1.0351495212978787,1
12,14,0,34,1,32,5,13,1,8,2,3,9,0.022885572139303482,82.75,5.2,4.268817204301075,16.153846153846153,1.0852130651474,1.0009858149748583,1
26,22,0,67,1,44,19,19,0,10,6,9,15,0.01789838337182448,71.55,7.4,4.3386075949367084,18.68421052631579,1.0611464977264404,1.0054452231055813,1
7,16,0,28,0,50,25,15,2,4,1,3,11,0.01674641148325359,82.34,5.3,4.168103448275862,17.3125,1.0952277183532715,1.0161992982029915,1
31,16,0,45,1,46,17,12,2,6,2,3,5,0.011180124223602485,64.85,10.0,4.608540925266904,26.083333333333332,1.0862375497817993,1.0391228099664052,1
18,17,0,51,3,69,21,23,0,11,2,8,22,0.01998974884674526,80.11,6.2,4.182561307901907,18.130434782608695,1.0320457220077515,1.0008852222691411,1
10,5,0,31,0,35,10,13,0,1,1,4,11,0.026905829596412557,73.37,6.7,4.6217616580310885,16.692307692307693,1.0995409488677979,1.0354800866200373,1
19,12,0,59,0,37,19,13,0,5,6,4,25,0.011494252873563218,68.6,8.5,4.6171875,22.307692307692307,1.0797083377838135,1.0470172533622155,1
29,27,0,60,1,50,21,21,1,4,5,8,16,0.017180394138453764,71.95,7.2,4.361111111111111,18.454545454545453,1.03977632522583,1.0005873224952004,1
39,20,0,114,1,93,33,31,0,15,5,18,36,0.010756972111553785,70.94,7.6,4.4464609800362975,19.28125,1.0347392559051514,1.1703099012374878,1
22,8,0,68,5,43,14,12,1,14,5,10,19,0.0193621867881549,62.92,10.7,4.6743421052631575,27.666666666666668,1.0453511476516724,1.0387978255748749,1
9,26,0,70,0,47,24,17,0,7,5,4,34,0.010955569080949483,79.5,6.4,4.423728813559322,19.823529411764707,1.1006397008895874,1.038876638692968,1
31,9,0,61,2,43,9,15,3,4,2,13,23,0.015643802647412757,60.14,9.7,4.5288135593220336,21.6,1.04714035987854,1.0153651475906371,1
8,11,0,55,0,42,11,14,0,5,2,6,10,0.011682242990654205,79.8,6.3,4.2375,19.0,1.0519858598709106,1.0321576254708427,1
25,13,0,50,0,40,18,15,0,5,2,11,17,0.02075154234436343,53.61,10.2,4.976027397260274,20.75,1.0424798727035522,1.0280588269233704,1
21,5,0,43,0,36,16,12,0,4,6,6,9,0.013620071684587814,59.84,9.8,4.738396624472574,22.166666666666668,1.0689983367919922,1.0201168358325958,1
2,7,0,17,0,16,3,0,0,4,1,0,6,0.0304,97.7,1.5,3.7355371900826446,13.0,1.1168478727340698,1.001179575920105,1
20,25,0,44,2,62,23,25,1,11,5,2,8,0.02267699115044248,83.15,5.0,3.844875346260388,16.346153846153847,1.0516726970672607,1.0140297733820403,1
21,13,0,73,2,49,17,16,0,11,4,11,18,0.018774157923799006,69.72,8.1,4.279761904761905,20.77777777777778,1.0493446588516235,1.0025270382563274,1
23,27,0,81,5,66,17,23,1,9,4,13,27,0.013454861111111112,62.78,8.7,4.774936061381074,18.82608695652174,1.069021224975586,1.0620810415433801,1
12,24,0,27,1,54,19,24,0,3,0,6,6,0.02796725784447476,94.86,2.6,3.8225255972696246,13.576923076923077,1.0799089670181274,1.0476198884157033,1
17,15,0,58,3,61,21,19,1,5,2,6,12,0.01218836565096953,72.05,7.2,4.726384364820847,18.42105263157895,1.047644853591919,1.021824648505763,1
26,14,0,56,3,44,18,18,1,7,4,7,12,0.02065848934796643,80.62,6.0,4.211072664359862,18.166666666666668,1.06827712059021,1.004201418823666,1
15,25,0,44,1,64,20,19,0,0,2,7,14,0.016317016317016316,79.8,6.3,4.192546583850931,19.05263157894737,1.0419636964797974,1.29038531529276,1
23,18,0,57,0,32,13,19,0,7,2,7,16,0.034292712798530314,50.02,9.5,5.142307692307693,14.8,1.0535742044448853,1.0107897102832795,1
18,7,0,44,0,23,7,8,0,3,4,6,10,0.011885895404120444,56.29,11.2,4.9,25.22222222222222,1.0729730129241943,1.0017617146174114,1
16,17,0,72,3,63,25,25,0,2,4,9,27,0.013844515441959531,75.5,5.9,4.723270440251572,14.8,1.0520260334014893,1.1500468587875365,1
27,11,0,76,1,51,18,18,0,12,6,11,24,0.014792899408284023,68.7,8.5,4.644886363636363,21.61111111111111,1.0446867942810059,1.0020138223965962,1
20,11,0,56,4,33,17,14,2,4,2,4,14,0.012221423436376708,63.8,8.3,4.991150442477876,18.571428571428573,1.062737226486206,1.0056912183761597,1
20,9,0,52,1,46,16,11,0,0,2,5,31,0.008748317631224764,57.0,10.9,4.812,25.272727272727273,1.061414122581482,1.0678498853336682,1
18,10,0,63,1,47,20,20,0,10,4,13,23,0.025995575221238937,72.36,7.1,4.308157099697885,17.80952380952381,1.0494078397750854,1.0342296532222204,1
25,8,0,73,1,50,15,19,2,17,5,13,13,0.021475770925110133,70.63,7.8,4.214705882352941,20.0,1.0811834335327148,1.0059728998886912,1
26,21,0,74,1,66,22,24,1,15,11,8,16,0.018308631211857017,81.63,5.6,4.154022988505747,17.571428571428573,1.0596239566802979,1.00307725582804,1
24,17,0,54,0,56,19,20,3,8,6,9,18,0.023293607800650054,71.65,7.4,4.392215568862276,18.85,1.0784510374069214,1.0027838885784148,1
23,12,0,62,0,60,13,24,0,10,6,11,18,0.014713610089332634,83.56,4.9,4.173669467787115,15.148148148148149,1.0433837175369263,1.0147868968822338,1
26,16,0,71,1,46,10,17,0,9,6,6,10,0.01770890979524073,69.52,8.2,4.535825545171339,20.529411764705884,1.04129958152771,1.0263691579594332,1
10,22,0,48,2,53,15,24,0,5,4,2,10,0.021937842778793418,75.61,5.8,4.2117263843648205,14.458333333333334,1.0842562913894653,1.0242160608371098,1
23,18,0,59,3,66,21,22,3,10,4,2,12,0.019561068702290078,71.44,7.4,4.216836734693878,18.458333333333332,1.0389134883880615,1.0016271819670994,1
15,13,0,51,2,51,23,20,0,10,6,3,13,0.023178807947019868,82.75,5.2,4.209964412811388,16.25,1.070816993713379,1.0144462525844573,1
14,11,0,52,1,30,16,18,0,4,7,8,13,0.020334059549745823,82.34,5.3,4.138996138996139,16.555555555555557,1.0956895351409912,1.055045247077942,1
25,16,0,54,3,30,16,14,3,8,2,7,15,0.01866151866151866,53.92,10.0,4.76425855513308,19.866666666666667,1.0480151176452637,1.0049422184626262,1
18,15,0,58,2,42,14,17,0,5,5,6,25,0.011278195488721804,80.21,6.1,4.587813620071684,18.294117647058822,1.0628632307052612,1.0438240976894604,1
21,8,0,57,0,34,18,13,1,6,3,12,29,0.02070263488080301,75.34,8.0,4.620938628158845,23.846153846153847,1.0483380556106567,1.002408742904663,1
15,7,0,73,2,40,18,14,1,5,3,6,31,0.01896551724137931,66.98,9.2,4.717171717171717,23.785714285714285,1.051396369934082,1.0040657264845712,1
11,27,0,18,0,36,10,15,0,4,1,1,6,0.030357142857142857,82.04,5.4,3.949771689497717,15.5625,1.0790412425994873,1.0956719666719437,1
13,15,0,51,2,46,17,15,1,5,5,2,14,0.013456090651558074,71.24,7.5,4.3882352941176475,19.266666666666666,1.112125277519226,1.0088688850402832,1
21,27,0,51,0,51,18,24,2,10,2,1,13,0.019173157579388856,83.66,4.8,4.17515923566879,13.592592592592593,1.0490071773529053,1.0345138885356762,1
22,17,0,49,1,41,10,11,0,4,3,5,20,0.012857142857142857,68.91,8.4,4.48,21.076923076923077,1.0639342069625854,1.0291090378394494,1
15,11,0,36,0,37,18,13,1,10,4,1,12,0.022743947175348497,77.27,7.3,4.257936507936508,21.923076923076923,1.060186505317688,1.0007920265197754,1
20,11,0,64,2,34,10,15,2,7,3,5,29,0.011371712864250177,64.0,8.2,4.801687763713081,17.666666666666668,1.0543781518936157,1.0155198017756144,1
27,31,0,59,3,66,32,27,5,6,4,4,13,0.02584968884633796,92.22,3.6,3.8762135922330097,15.96774193548387,1.0522994995117188,1.0094412526776713,1
11,14,0,41,1,39,8,15,0,4,1,4,10,0.021757322175732216,73.27,6.7,4.149779735682819,16.733333333333334,1.073119878768921,1.0013462543487548,1
10,10,0,45,0,38,13,13,0,6,4,5,13,0.02297872340425532,71.04,7.6,4.125560538116592,19.23076923076923,1.0637884140014648,1.0026418979351337,1
21,17,0,55,2,51,17,13,0,6,2,5,11,0.015262515262515262,58.62,10.3,4.393939393939394,23.571428571428573,1.061469316482544,1.0396621823310852,1
24,21,0,69,5,58,24,23,0,7,4,7,8,0.016698473282442748,72.05,7.2,4.467914438502674,17.583333333333332,1.0551701784133911,1.0262222985426586,1
28,19,0,79,4,85,34,33,4,15,4,5,21,0.019867549668874173,93.54,3.1,3.9106753812636166,14.842105263157896,1.0622947216033936,1.0036403901047177,1
14,14,0,36,7,43,15,26,0,4,1,4,7,0.04250720461095101,88.13,3.1,4.391836734693878,11.444444444444445,1.0563410520553589,1.012310889032152,1
30,14,0,70,3,47,19,18,0,13,5,5,26,0.011808910359634998,78.99,6.6,4.3628318584070795,20.105263157894736,1.073438286781311,1.1028435794930709,1
21,7,0,99,2,86,23,33,1,17,6,10,28,0.020514883346741754,75.61,5.8,4.431952662721893,17.151515151515152,1.031310796737671,1.016051982130323,1
23,21,0,59,2,60,21,18,0,7,5,9,26,0.009880395215808632,77.57,7.2,4.43768115942029,21.444444444444443,1.072533130645752,1.0012214647399054,1
18,13,0,71,1,49,16,16,4,8,5,9,23,0.011357183418512209,61.36,9.2,4.8047138047138045,20.875,1.0459421873092651,1.0230826884508133,1
18,14,0,60,0,50,16,21,0,5,6,6,19,0.015499425947187142,81.43,5.7,4.196319018404908,17.714285714285715,1.0763849020004272,1.0178169068836032,1
12,10,0,67,3,41,7,14,0,4,3,7,25,0.011228533685601057,62.58,8.8,4.718146718146718,19.0,1.131263256072998,1.024997091293335,1
9,13,0,20,0,36,9,9,3,8,1,3,6,0.010277492291880781,77.27,7.3,4.307262569832402,22.333333333333332,1.0836994647979736,1.0123283465703328,1
12,8,0,48,0,40,9,11,0,6,3,8,21,0.011666666666666667,68.81,8.5,4.497652582159624,19.75,1.0657973289489746,1.0011842648188274,1
18,31,0,71,4,74,31,30,4,11,10,16,24,0.03078315980081485,83.15,5.0,3.9544513457556936,16.676470588235293,1.0387201309204102,1.0183126349602976,1
18,12,0,75,2,44,19,14,0,10,6,16,34,0.013348164627363738,74.12,8.5,4.598726114649682,24.857142857142858,1.057636022567749,1.0467056291443961,1
6,17,0,21,1,34,6,11,0,3,1,2,5,0.02692778457772338,91.51,3.9,3.7710843373493974,15.666666666666666,1.0938199758529663,1.0016367435455322,1
29,21,0,41,2,50,25,18,2,4,3,5,9,0.014925373134328358,78.79,6.7,4.382262996941896,20.833333333333332,1.0573376417160034,1.0026496450106304,1
17,18,0,50,0,34,11,12,0,5,1,6,14,0.009908536585365854,53.81,10.1,5.114832535885167,19.583333333333332,1.137070655822754,1.0438234508037567,1
23,23,0,80,0,69,21,23,0,13,8,8,25,0.02315886984715146,88.06,5.2,3.9018691588785046,19.24,1.1562012434005737,1.0029651594161988,1
20,11,0,87,1,47,21,20,1,6,6,10,25,0.010835913312693499,63.29,8.5,4.741641337386018,18.6,1.068848967552185,1.0336450576782226,1
24,15,0,70,0,52,10,19,0,8,2,4,14,0.012312633832976445,55.34,9.5,4.996732026143791,17.68421052631579,1.047037124633789,1.1248640323940076,1
14,20,0,43,2,46,18,23,0,14,1,5,8,0.02056737588652482,85.89,4.0,3.8197879858657244,13.44,1.0473724603652954,1.0014159059524537,1
32,16,0,50,3,32,21,17,0,10,1,5,12,0.0201765447667087,72.76,6.9,4.552346570397112,18.647058823529413,1.0498971939086914,1.0007591644922893,1
26,14,0,68,2,73,25,30,2,5,5,3,21,0.02433528616493916,75.81,5.8,4.286419753086419,14.176470588235293,1.0350266695022583,1.0110406910671907,1
20,13,0,64,0,46,20,17,0,10,2,9,15,0.0136986301369863,79.5,6.4,4.2441471571906355,19.941176470588236,1.0599148273468018,1.028994167552275,1
20,10,0,58,0,55,21,18,0,12,9,8,23,0.021034678794769755,71.55,7.4,4.3974763406940065,18.94736842105263,1.047847867012024,1.0406169389423572,1
13,12,0,63,2,53,7,15,0,8,5,10,21,0.01019108280254777,76.66,7.5,4.157190635451505,21.533333333333335,1.0996257066726685,1.0434834321339925,1
14,17,0,54,2,47,12,14,0,7,6,4,19,0.011228533685601057,61.06,9.4,4.656488549618321,20.642857142857142,1.0598633289337158,1.0410298619951521,1
22,21,0,74,2,55,15,14,1,7,7,11,32,0.01006036217303823,66.47,9.4,4.609195402298851,23.8125,1.0685025453567505,1.005132980644703,1
22,14,0,83,1,69,18,22,3,13,4,7,24,0.011246485473289597,78.69,6.7,4.205513784461153,20.681818181818183,1.091758370399475,1.0196162245490334,1
15,15,0,74,2,64,14,22,1,6,2,7,21,0.025894538606403013,72.46,7.1,4.670299727520436,18.545454545454547,1.1071388721466064,1.0147286220030352,1
31,13,0,60,1,47,13,19,0,5,1,8,15,0.022291342664593053,54.02,10.0,4.741641337386018,19.210526315789473,1.0567717552185059,1.0279645919799805,1
28,13,0,65,0,36,24,13,0,5,2,9,9,0.011571254567600487,42.92,12.2,5.1698841698841695,21.428571428571427,1.0875797271728516,1.0231429849352156,1
27,19,0,53,3,57,22,22,0,9,4,6,13,0.021323127392017496,73.27,6.7,4.1502890173410405,17.863636363636363,1.063216209411621,1.0039127702298372,1
22,13,0,67,0,57,21,17,6,11,3,7,10,0.014184397163120567,61.87,9.1,4.823529411764706,20.647058823529413,1.0733108520507812,1.0459724804934334,1
11,18,0,23,0,44,14,14,0,2,2,3,3,0.0291005291005291,81.83,5.5,3.845814977973568,17.333333333333332,1.0627115964889526,1.001387929916382,1
16,8,0,38,1,36,10,10,1,6,2,2,7,0.016194331983805668,58.52,10.3,4.618604651162791,23.9,1.0823074579238892,1.0044458031654357,1
9,29,0,53,0,62,13,26,4,7,4,5,15,0.016304347826086956,93.03,3.3,3.963076923076923,14.192307692307692,1.0417805910110474,1.0005320677390466,1
26,13,0,72,0,64,35,21,0,12,10,9,21,0.01332675222112537,79.4,6.5,4.146596858638744,20.0,1.0389742851257324,1.0007857463576577,1
13,22,0,65,7,79,22,26,0,11,7,5,23,0.01342925659472422,73.88,6.5,4.404255319148936,16.384615384615383,1.039782166481018,1.0010233246363127,1
27,20,0,69,1,52,19,16,0,4,6,8,16,0.010607521697203472,65.86,9.6,4.71067415730337,24.5,1.047123908996582,1.0075372904539108,1
17,24,0,75,3,69,23,24,0,9,6,9,11,0.019230769230769232,65.52,7.6,4.663366336633663,19.041666666666668,1.0749400854110718,1.0358788222074509,1
35,20,0,67,5,57,24,20,1,8,5,4,17,0.010494752623688156,70.73,7.7,4.600574712643678,19.7,1.0458425283432007,1.0009396851062775,1
23,9,0,44,2,68,12,28,2,10,5,0,4,0.021151586368977675,85.18,4.2,4.03951367781155,12.5,1.0663930177688599,1.001597317059835,1
6,18,0,41,0,35,7,12,0,2,7,4,21,0.011659192825112108,71.24,7.5,4.3431372549019605,18.666666666666668,1.0715047121047974,1.0009735425313313,1
12,11,0,39,1,27,15,12,0,8,2,7,9,0.014652014652014652,80.31,6.1,4.331658291457287,18.916666666666668,1.1271480321884155,1.0656794210275014,1
21,13,0,63,1,47,16,14,1,5,6,7,23,0.016284680337756333,66.17,9.5,4.221864951768489,24.5,1.0523388385772705,1.0358070475714547,1
18,11,0,46,3,41,13,10,0,5,5,3,13,0.010861694424330196,77.06,7.4,4.291338582677166,22.0,1.058660626411438,1.0457254189711351,1
21,18,0,47,1,46,21,19,0,4,5,6,21,0.013861386138613862,82.95,5.1,4.153846153846154,16.75,1.0449622869491577,1.195676863193512,1
19,20,0,51,1,54,16,15,0,5,2,11,19,0.022247575584711923,71.85,7.3,4.439490445859873,18.68421052631579,1.0561168193817139,1.008268368244171,1
28,20,0,62,2,62,22,21,8,17,5,11,14,0.017791970802919707,78.79,6.7,4.113253012048193,20.782608695652176,1.0549768209457397,1.025427600611811,1
26,19,0,63,1,45,28,14,5,14,2,9,12,0.014623172103487065,66.37,9.4,4.553054662379421,25.785714285714285,1.0716801881790161,1.0699917078018188,1
14,13,0,46,0,38,9,14,0,2,2,3,10,0.011312217194570135,56.66,9.0,5.151658767772512,17.071428571428573,1.0747990608215332,1.0016943046024867,1
20,17,0,58,0,58,30,22,1,4,3,4,10,0.0196078431372549,80.51,6.0,4.080779944289693,19.0,1.0654536485671997,1.0429933342066677,1
15,16,0,33,8,38,12,15,0,11,1,3,10,0.013720742534301856,80.51,6.0,3.8207171314741037,18.666666666666668,1.1091158390045166,1.113188926378886,1
23,13,0,81,4,54,16,19,3,7,6,10,18,0.013934045517882025,60.45,9.6,4.717391304347826,21.63157894736842,1.034769058227539,1.0767964601516724,1
16,16,0,38,2,37,14,15,0,5,3,8,15,0.015186028853454821,80.31,6.1,4.178137651821863,18.533333333333335,1.0971903800964355,1.0023681004842122,1
23,16,0,55,2,52,26,18,0,9,2,9,20,0.015555555555555555,86.44,5.8,3.907563025210084,21.210526315789473,1.0437637567520142,1.0007743835449219,1
15,19,0,52,2,54,19,20,1,10,4,7,10,0.02068126520681265,81.83,5.5,3.99375,16.772727272727273,1.0719703435897827,1.0031892603093928,1
38,38,0,88,1,100,36,48,0,19,8,13,25,0.02629193109700816,92.02,3.7,3.8283464566929135,14.877551020408163,1.0401058197021484,1.0529908452715193,1
20,14,0,60,4,58,23,19,0,8,1,2,10,0.018235294117647058,63.29,8.5,4.253968253968254,18.842105263157894,1.071813702583313,1.001389691704198,1
18,16,0,69,0,50,21,14,0,4,3,9,25,0.012398921832884097,65.46,9.7,4.678125,25.428571428571427,1.0715354681015015,1.060853293963841,1
14,22,0,60,5,71,29,21,0,11,7,5,19,0.012963790791238265,76.76,7.5,4.223021582733813,22.38095238095238,1.0409480333328247,1.0266225110916865,1
4,2,0,17,0,11,3,4,0,2,1,0,1,0.023376623376623377,46.98,10.6,4.7384615384615385,18.25,1.3649365901947021,1.0130058228969574,1
32,20,0,72,2,60,29,23,0,10,4,3,13,0.016658733936220846,80.21,6.1,4.363157894736842,18.956521739130434,1.1179221868515015,1.0198554940845654,1
29,10,0,82,1,41,18,18,0,2,3,13,18,0.010801591813530414,55.34,9.5,5.0,17.944444444444443,1.051833987236023,1.0439136094517178,1
27,33,0,94,1,89,35,30,1,13,7,10,21,0.018457752255947497,78.59,6.8,4.2562277580071175,20.966666666666665,1.0579311847686768,1.0164545724789302,1
26,23,0,76,2,57,26,24,0,15,6,15,9,0.013018322082931534,81.22,5.8,4.030075187969925,19.541666666666668,1.0682708024978638,1.0039200137058895,1
37,20,0,81,1,41,22,15,2,7,1,13,22,0.008317025440313111,51.07,11.1,5.176470588235294,24.4,1.0774073600769043,1.030362311999003,1
27,16,0,66,0,49,12,17,1,12,7,6,10,0.019115237575095576,68.7,8.5,4.370149253731343,21.529411764705884,1.0559251308441162,1.0180805009954117,1
24,6,0,68,0,38,11,14,0,8,3,11,27,0.010243277848911651,60.65,9.5,4.7164179104477615,21.0,1.0508476495742798,1.0501105615070887,1
25,11,0,79,5,53,16,16,0,16,9,9,27,0.013116474291710388,75.03,8.1,4.361031518624642,23.9375,1.0718014240264893,1.0472647845745087,1
7,0,0,11,0,9,2,4,0,0,0,0,3,0.019417475728155338,66.94,7.1,4.4,15.75,1.6512455940246582,1.6519240736961365,1
24,5,0,50,4,29,10,14,1,4,6,4,12,0.02795425667090216,54.83,9.7,4.848484848484849,20.714285714285715,1.1016931533813477,1.0448065400123596,1
33,21,0,67,0,58,19,22,2,9,1,7,27,0.017191977077363897,71.85,7.3,4.425531914893617,18.347826086956523,1.0433872938156128,1.0012582955153093,1
21,11,0,64,0,55,15,23,1,8,3,3,13,0.02151130722559294,74.39,6.3,4.482866043613707,16.217391304347824,1.0442893505096436,1.0053743538649187,1
26,9,0,89,0,49,22,18,0,4,5,18,41,0.025210084033613446,68.6,8.5,4.65945945945946,21.736842105263158,1.0986682176589966,1.091733587415595,1
11,10,0,32,0,28,16,12,0,0,0,3,17,0.022222222222222223,82.04,5.4,4.15819209039548,17.166666666666668,1.0670459270477295,1.0163922210534413,1
20,13,0,64,0,29,16,16,0,6,5,8,27,0.011821974965229486,72.76,6.9,4.626506024096385,17.625,1.0541073083877563,1.0168599039316177,1
26,16,0,70,7,69,16,14,1,12,7,6,17,0.015182186234817813,71.89,9.3,4.227027027027027,26.933333333333334,1.040666937828064,1.0006421168645223,1
18,14,0,72,1,43,24,17,0,10,7,19,34,0.018974358974358976,67.69,8.9,4.478386167146974,22.941176470588236,1.0974571704864502,1.1051722835091984,1
20,8,0,58,3,33,8,12,1,7,4,6,15,0.012142857142857143,67.59,8.9,4.476,22.916666666666668,1.329171061515808,1.1317250827948253,1
31,31,0,61,5,69,33,28,0,6,4,7,12,0.015463917525773196,81.83,5.5,4.243619489559165,17.06896551724138,1.0329750776290894,1.0212449451972698,1
11,15,0,35,4,40,9,14,0,4,1,1,7,0.020955574182732608,73.17,6.8,4.146017699115045,16.733333333333334,1.0773894786834717,1.0030842065811156,1
17,9,0,73,0,63,24,24,2,8,6,6,29,0.017023613399231193,91.0,4.1,4.137026239067056,16.0,1.0433193445205688,1.0189656496047974,1
25,23,0,68,3,65,26,23,0,6,4,8,20,0.012356979405034324,80.51,6.0,4.12289156626506,19.2,1.0386946201324463,1.0152091789245605,1
27,11,0,42,3,57,23,17,0,8,2,1,9,0.01989730423620026,79.5,6.4,4.178694158075602,19.764705882352942,1.047385811805725,1.0157204165178186,1
23,20,0,59,0,79,28,26,1,16,5,3,23,0.02363724071394115,89.08,4.8,3.7928571428571427,18.346153846153847,1.0462945699691772,1.0057303401140065,1
15,17,0,52,4,55,14,21,0,5,2,8,15,0.015472779369627506,65.73,7.6,4.6544850498338874,16.38095238095238,1.0448166131973267,1.001745343208313,1
2,1,0,6,1,6,1,3,1,0,1,1,3,0.02857142857142857,78.55,4.7,3.9393939393939394,13.333333333333334,1.7242625951766968,1.0209821065266926,1
23,16,0,56,4,43,17,13,0,5,3,1,9,0.00889152341434499,66.67,9.3,4.827464788732394,24.307692307692307,1.0727111101150513,1.0305078946627104,1
12,9,0,47,1,34,16,9,0,8,2,5,18,0.008319467554076539,57.61,10.7,4.909090909090909,24.88888888888889,1.0682677030563354,1.0239257150226169,1
11,15,0,37,2,44,11,13,0,5,1,4,10,0.02088167053364269,72.56,7.0,4.388888888888889,17.4,1.0672589540481567,1.0006805499394735,1
26,11,0,77,1,65,20,27,1,13,4,9,33,0.012897282358360202,73.58,6.6,4.31077694235589,16.62962962962963,1.0547492504119873,1.0020320459648415,1
17,11,0,40,0,39,15,15,0,4,2,2,15,0.011721611721611722,64.41,8.1,4.753246753246753,17.533333333333335,1.0553326606750488,1.000795594851176,1
11,12,0,47,5,31,11,11,3,6,6,5,13,0.01461038961038961,71.55,7.4,4.379464285714286,19.384615384615383,1.064487099647522,1.0278429434849665,1
19,16,0,42,1,46,11,23,0,9,2,4,9,0.016865776528460996,77.03,5.3,4.323076923076923,12.826086956521738,1.055999994277954,1.0136947631835938,1
27,18,0,93,3,62,23,23,1,13,3,15,21,0.015115354017501989,64.41,8.1,4.863636363636363,19.958333333333332,1.0303318500518799,1.0876306394735973,1
15,15,0,58,2,47,12,17,0,5,4,6,14,0.011010362694300517,79.6,6.4,4.163822525597269,19.0,1.0577983856201172,1.0011958514942843,1
14,17,0,36,3,47,10,14,1,1,4,1,10,0.019261637239165328,80.11,6.2,4.183760683760684,18.857142857142858,1.0761830806732178,1.0042290772710527,1
9,23,0,38,0,47,17,16,1,3,4,2,9,0.028417818740399385,90.9,4.1,3.716417910447761,17.11111111111111,1.0584524869918823,1.0330179267459445,1
15,11,0,49,0,26,18,13,0,3,6,7,20,0.012400354295837024,81.12,5.8,4.4278606965174125,17.923076923076923,1.0645455121994019,1.020736786035391,1
24,30,0,49,3,37,14,16,2,11,4,8,15,0.025583982202447165,70.33,7.9,4.473520249221184,20.88235294117647,1.0494962930679321,1.0316718045402975,1
23,20,0,72,3,79,28,32,1,17,4,7,15,0.017657992565055763,93.54,3.1,3.9327146171693736,13.91891891891892,1.0834605693817139,1.029675561028558,1
34,24,0,81,0,61,18,21,2,6,1,12,25,0.012860310421286032,69.72,8.1,4.690721649484536,20.476190476190474,1.051602840423584,1.0011407704580397,1
17,11,0,51,1,28,13,11,1,6,2,8,20,0.009561752988047808,60.55,9.6,4.800947867298579,21.545454545454547,1.067039966583252,1.0011821876872669,1
32,9,0,93,4,52,16,23,1,3,7,12,22,0.015485687470671047,72.76,6.9,4.629729729729729,17.166666666666668,1.0736933946609497,1.2101951241493225,1
27,20,0,66,0,64,16,18,0,9,10,7,16,0.0101905183872397,77.06,7.4,4.365617433414044,21.523809523809526,1.052592158317566,1.001073332059951,1
13,6,0,52,2,40,12,13,0,6,5,11,20,0.029859841560024376,58.11,10.5,4.767025089605735,23.53846153846154,1.0534712076187134,1.0020002676890447,1
48,34,0,93,2,92,47,35,1,20,13,10,21,0.022757697456492636,82.44,5.3,4.064124783362218,17.075,1.0371021032333374,1.0111824743675464,1
22,15,0,73,1,44,16,16,2,10,3,11,19,0.015037593984962405,70.43,7.8,4.522875816993464,21.375,1.046764850616455,1.027181588113308,1
4,4,0,8,0,10,5,3,0,1,0,0,2,0.034013605442176874,61.36,9.2,3.8620689655172415,22.333333333333332,1.2742891311645508,1.0049721797307332,1
17,12,0,59,0,57,8,20,0,14,5,5,13,0.014616321559074299,82.75,5.2,4.117834394904459,16.0,1.0444782972335815,1.0856920751658352,1
22,21,0,43,1,71,17,25,0,7,2,3,10,0.018762677484787018,74.9,6.1,4.370473537604457,15.807692307692308,1.039288878440857,1.0034297612997203,1
12,16,0,59,1,40,10,11,1,3,3,6,17,0.014696058784235137,57.61,10.7,5.016393442622951,24.454545454545453,1.0551731586456299,1.0012480779127642,1
24,15,0,53,2,50,18,14,0,10,7,4,12,0.019130434782608695,65.25,9.8,4.245341614906832,25.357142857142858,1.0418514013290405,1.0008543644632613,1
22,12,0,58,10,37,14,13,2,6,4,3,8,0.02054794520547945,67.08,9.1,4.512195121951219,24.53846153846154,1.099095344543457,1.0211214102231538,1
24,15,0,78,0,42,8,12,1,9,8,16,21,0.01689545934530095,52.63,12.6,4.707692307692308,30.0,1.0937796831130981,1.034663458665212,1
19,7,0,70,5,41,15,13,4,6,9,6,19,0.01911220715166461,58.52,10.3,4.676258992805756,24.615384615384617,1.1139570474624634,1.0345307771976178,1
13,3,0,38,3,21,6,9,0,5,1,6,9,0.022494887525562373,56.35,9.1,5.36,18.77777777777778,1.1516153812408447,1.0432326926125421,1
19,6,0,70,0,40,7,17,0,7,8,7,14,0.03742432581177765,54.32,9.9,5.078498293515358,19.294117647058822,1.0792720317840576,1.0334157803479362,1
21,7,0,64,2,40,13,12,2,9,4,9,14,0.02103960396039604,59.33,10.0,4.7773722627737225,25.916666666666668,1.0805999040603638,1.059884359439214,1
19,6,0,81,4,51,10,15,0,4,3,12,18,0.01568627450980392,59.94,9.8,4.8561872909699,22.0,1.0937480926513672,1.063673996925354,1
16,10,0,67,4,34,7,16,0,9,10,4,16,0.02902675014228799,56.45,9.1,5.109929078014185,19.4375,1.0921541452407837,1.0615706145763397,1
15,4,0,45,2,38,14,9,0,8,1,5,8,0.02578397212543554,63.63,10.4,4.697959183673469,31.0,1.095207691192627,1.0675739447275798,1
21,19,0,65,2,37,12,14,1,9,4,8,15,0.014796547472256474,52.29,10.7,4.8597785977859775,21.785714285714285,1.0940312147140503,1.0341788360050745,1
18,9,0,30,2,33,4,12,0,2,5,4,13,0.03875379939209726,62.68,8.7,4.785714285714286,20.083333333333332,1.1170631647109985,1.0768302182356517,1
19,4,0,61,9,29,7,13,1,8,6,8,15,0.0269694819020582,61.26,9.3,4.710743801652892,20.46153846153846,1.1047602891921997,1.0354950519708486,1
21,1,0,44,7,26,12,11,3,3,4,2,9,0.03982930298719772,62.27,8.9,4.872340425531915,24.0,1.097101092338562,1.0600774721665815,1
25,5,0,39,4,30,14,14,1,8,10,3,12,0.03396901072705602,62.78,8.7,5.007326007326007,21.928571428571427,1.1238960027694702,1.0827184915542603,1
4,9,0,58,4,40,10,14,0,4,4,11,18,0.029022082018927444,70.43,7.8,4.81203007518797,21.428571428571427,1.1285841464996338,1.105329195658366,1
11,8,0,56,4,28,11,14,3,4,5,6,11,0.02625656414103526,47.99,10.2,5.1415094339622645,17.214285714285715,1.1211713552474976,1.037894538470677,1
20,3,0,65,7,29,13,13,2,10,5,2,12,0.028159790438768827,67.59,8.9,4.557620817843866,22.923076923076923,1.1071888208389282,1.0780437634541438,1
14,4,0,78,8,44,11,16,2,4,4,8,14,0.013675213675213675,63.59,8.4,4.8805460750853245,20.1875,1.0897332429885864,1.0412732511758804,1
25,6,0,67,7,39,13,15,0,9,8,10,20,0.02645198389879241,69.52,8.2,4.673333333333333,22.266666666666666,1.1110886335372925,1.0963117996851603,1
11,6,0,66,1,36,14,13,2,5,9,6,11,0.02920723226703755,62.98,8.6,4.878661087866109,20.846153846153847,1.1532237529754639,1.033274036187392,1
26,9,0,80,0,61,9,22,0,5,6,7,13,0.018633540372670808,46.67,10.7,5.2100840336134455,17.0,1.0797860622406006,1.0859778912171074,1
51,27,0,115,8,50,28,20,3,12,12,15,24,0.013597513597513598,56.89,11.0,4.876623376623376,26.2,1.0646401643753052,1.11134429981834,1
31,10,0,89,4,39,16,10,4,9,11,4,16,0.020171457387796268,39.3,15.7,4.957186544342508,36.6,1.090588927268982,1.1401349663734437,1
23,15,0,72,3,51,15,19,0,7,3,7,25,0.021213616181549086,70.23,7.9,4.43801652892562,21.789473684210527,1.08687162399292,1.0404691068749679,1
29,7,0,66,4,31,16,13,0,3,8,11,15,0.024160282852091926,42.72,12.3,5.3396946564885495,22.615384615384617,1.099061369895935,1.0886392409984882,1
16,9,0,45,3,25,10,10,5,3,2,7,11,0.031066330814441646,59.64,9.9,4.492890995260663,24.8,1.0921252965927124,1.0490988850593568,1
28,2,0,83,1,44,10,17,0,10,8,22,23,0.01984126984126984,58.01,10.5,4.7011494252873565,22.176470588235293,1.0934056043624878,1.0179904278586893,1
18,10,0,57,6,32,17,10,6,6,5,10,12,0.04420206659012629,43.66,14.0,4.899305555555555,33.9,1.1082438230514526,1.0681348085403441,1
31,11,0,53,4,44,15,18,0,4,8,5,17,0.03182055294731351,54.42,9.8,5.1107491856677525,19.27777777777778,1.0767276287078857,1.0301537381278143,1
14,8,0,59,9,24,10,11,2,10,1,8,12,0.023605150214592276,58.21,10.5,4.502024291497976,26.545454545454547,1.095024824142456,1.0276092941110784,1
22,13,0,67,4,39,13,14,0,4,8,4,9,0.017026850032743943,46.17,10.9,5.380341880341881,18.857142857142858,1.0954177379608154,1.0236182979175024,1
17,12,0,71,6,40,14,15,2,5,12,11,22,0.022701475595913734,53.61,10.2,5.038461538461538,21.2,1.0828883647918701,1.0491382201512656,1
18,9,0,65,1,43,14,12,0,10,3,10,12,0.027258150721539285,48.03,12.3,4.935275080906149,29.083333333333332,1.0801929235458374,1.0776900847752888,1
23,5,0,67,0,27,17,12,1,12,9,12,25,0.038560411311053984,64.71,8.0,4.725903614457831,28.692307692307693,1.065279483795166,1.0777919384149404,1
22,11,0,74,2,44,9,13,2,5,4,6,17,0.015375153751537515,59.84,9.8,4.627659574468085,24.46153846153846,1.0889490842819214,1.0729644298553467,1
25,8,0,76,2,34,11,14,4,11,6,8,13,0.015767131594906003,44.54,11.6,5.086142322097379,21.214285714285715,1.0926021337509155,1.0601907202175684,1
18,6,0,68,7,42,13,19,1,3,6,10,23,0.02612562534741523,56.05,9.2,4.982935153583618,16.8,1.1046438217163086,1.0306744813919066,1
23,8,0,72,7,34,27,14,1,3,7,13,19,0.04256410256410256,56.79,11.0,4.861538461538461,24.666666666666668,1.073956847190857,1.1227736870447795,1
26,5,0,78,3,43,13,12,0,7,6,10,11,0.008348240906380441,40.69,13.1,5.211320754716981,24.25,1.1349363327026367,1.0634042223294575,1
24,5,0,71,4,33,6,12,3,13,10,9,14,0.021148036253776436,52.09,10.7,4.992647058823529,24.666666666666668,1.0906223058700562,1.06489031513532,1
19,5,0,75,2,36,7,16,0,7,7,12,16,0.02334851936218679,53.51,10.2,4.968965517241379,19.75,1.090154767036438,1.022223748266697,1
40,6,0,49,4,37,14,13,4,4,7,2,20,0.04692556634304207,59.53,9.9,4.909090909090909,24.428571428571427,1.0726795196533203,1.0504649451800756,1
20,1,0,79,1,39,8,13,0,7,5,9,19,0.020430701270016567,41.29,12.8,5.341637010676156,23.615384615384617,1.094221830368042,1.049690659229572,1
23,8,0,86,6,38,12,18,6,6,7,7,17,0.023016650342801176,46.37,10.9,5.147239263803681,20.72222222222222,1.0833185911178589,1.0553053816159566,1
20,10,0,55,3,37,18,13,2,8,6,6,10,0.019297036526533425,69.72,8.1,4.62,23.153846153846153,1.0894321203231812,1.0284556517234216,1
34,9,0,55,19,33,14,15,4,14,10,4,21,0.03399765533411489,76.25,7.7,4.298412698412698,23.733333333333334,1.0854809284210205,1.0278387546539307,1
31,8,0,55,0,40,9,14,1,12,4,5,12,0.02086137281292059,61.06,9.4,4.557251908396947,20.5,1.0942274332046509,1.0390719601086207,1
26,5,0,77,6,36,11,13,1,6,11,11,12,0.025684931506849314,49.25,11.8,5.003496503496503,24.23076923076923,1.0949275493621826,1.213502783041734,1
28,10,0,73,0,42,21,16,2,7,5,6,18,0.022560078469838155,44.54,11.6,5.333333333333333,22.3125,1.0754798650741577,1.0280474424362183,1
19,10,0,57,4,35,13,12,2,3,2,5,14,0.01882845188284519,55.54,9.4,4.85,20.615384615384617,1.1000282764434814,1.0865949392318726,1
18,3,0,75,3,46,7,16,2,6,7,8,17,0.023613399231191653,54.02,10.0,5.071186440677966,18.941176470588236,1.0994428396224976,1.050636417725507,1
31,10,0,83,4,41,11,14,1,3,11,11,24,0.015704154002026342,48.74,12.0,5.165079365079365,24.5,1.0843497514724731,1.0445118291037423,1
23,3,0,79,4,28,9,14,1,8,6,7,15,0.03755054881571346,59.53,9.9,4.89198606271777,23.285714285714285,1.071443796157837,1.047964632511139,1
25,7,0,80,7,53,10,19,4,5,6,7,22,0.02047952047952048,55.64,9.4,5.114906832298137,18.894736842105264,1.088344931602478,1.033048717599166,1
13,16,0,53,10,43,7,14,2,7,10,3,17,0.03530751708428246,67.89,8.8,4.54983922829582,24.5,1.0887386798858643,1.0717382005282812,1
28,8,0,69,1,28,6,13,0,9,12,4,20,0.024798154555940023,53.41,10.2,4.979020979020979,23.53846153846154,1.0953221321105957,1.0762471419114332,1
28,6,0,56,20,35,21,16,6,10,9,7,20,0.04252998909487459,70.53,7.8,4.38855421686747,22.764705882352942,1.063923954963684,1.0306137733989291,1
31,6,0,64,0,34,9,14,2,16,2,2,5,0.01770592763664357,72.26,7.1,4.606194690265487,18.285714285714285,1.0838178396224976,1.2306542481694902,1
26,11,0,55,0,39,15,14,0,2,4,7,15,0.020499679692504803,62.17,8.9,4.622222222222222,22.5,1.0869972705841064,1.0325739809444971,1
22,15,0,63,1,31,17,15,0,9,6,8,16,0.019987886129618413,52.9,10.4,4.788530465949821,20.933333333333334,1.0574448108673096,1.068899893760681,1
16,10,0,61,2,47,4,17,0,3,4,4,11,0.016254876462938883,56.15,9.2,4.879377431906615,16.41176470588235,1.0963038206100464,1.0660194579292745,1
17,8,0,70,7,32,11,11,1,9,6,7,12,0.022755227552275523,48.23,12.2,5.229571984435798,25.545454545454547,1.1048495769500732,1.0865991115570068,1
12,11,0,80,12,40,11,17,0,6,8,18,26,0.026303428839830906,50.06,11.5,4.7994428969359335,23.529411764705884,1.074293613433838,1.050391395886739,1
25,15,0,72,0,36,18,12,3,7,4,4,12,0.016776512881965248,41.8,12.6,5.4229249011857705,24.333333333333332,1.0944074392318726,1.0548642079035442,1
23,8,0,78,4,43,9,15,0,6,7,7,12,0.014317180616740088,43.83,11.8,5.307420494699647,20.533333333333335,1.0930453538894653,1.0336222330729166,1
12,14,0,70,4,44,13,16,0,10,1,2,12,0.014015843997562462,54.32,9.9,4.871794871794871,19.1875,1.1004029512405396,1.0512821450829506,1
31,8,0,62,0,30,14,12,0,4,6,7,16,0.017084282460136675,48.54,12.1,5.25,23.53846153846154,1.094444751739502,1.038215472148015,1
20,8,0,84,6,52,23,17,4,6,13,9,22,0.04325581395348837,51.38,11.0,5.083815028901734,21.88888888888889,1.0874111652374268,1.057525634765625,1
7,8,0,84,8,34,10,16,3,8,5,18,31,0.017438692098092644,60.35,9.6,4.778135048231511,21.5625,1.0794243812561035,1.0325456261634827,1
28,7,0,77,5,42,9,13,3,7,10,5,19,0.01895991332611051,40.48,13.1,5.1661016949152545,24.76923076923077,1.0889074802398682,1.0374520191779504,1
31,10,0,84,2,46,23,16,1,9,6,14,17,0.01818181818181818,48.54,12.1,4.874659400544959,24.176470588235293,1.0635480880737305,1.0290130657308243,1
26,10,0,75,7,42,16,13,3,7,7,7,24,0.027331189710610933,65.46,9.7,4.599388379204893,26.142857142857142,1.0739407539367676,1.0471447706222534,1
38,5,0,88,1,36,9,17,3,10,18,11,21,0.021791767554479417,52.39,10.6,5.2553846153846155,20.941176470588236,1.0842201709747314,1.0317357778549194,1
24,11,0,70,3,45,18,15,0,6,7,10,18,0.01474056603773585,60.95,9.4,4.879432624113475,21.066666666666666,1.0913370847702026,1.0437043984731038,1
8,4,0,30,7,20,6,8,3,2,6,1,14,0.03121852970795569,67.08,9.1,4.618497109826589,24.125,1.1545367240905762,1.0560876578092575,1
12,14,0,59,1,36,13,13,0,4,2,1,10,0.01914580265095729,62.88,8.7,4.986363636363636,19.692307692307693,1.105714201927185,1.031980221088116,1
16,17,0,60,7,50,17,20,2,7,6,7,21,0.030334728033472803,71.85,7.3,4.535502958579881,19.3,1.0731265544891357,1.0225447833538055,1
20,5,0,70,2,32,12,13,1,9,8,6,16,0.023536511768255886,50.77,11.2,4.905797101449275,23.692307692307693,1.086111307144165,1.0358462241979747,1
29,6,0,72,10,37,10,15,2,4,11,6,26,0.031011692933401117,50.16,11.5,5.082018927444795,21.9375,1.119076132774353,1.116570383310318,1
15,10,0,53,12,32,11,14,0,5,13,5,18,0.032021347565043365,69.52,8.2,4.431734317343174,21.571428571428573,1.0978305339813232,1.0679291146142142,1
15,4,0,70,5,36,6,14,2,5,1,3,22,0.028484848484848484,52.09,10.7,4.970588235294118,21.214285714285715,1.0898503065109253,1.0315329602786474,1
21,13,0,69,9,40,4,16,3,9,3,8,19,0.03453772582359192,59.74,9.9,4.659574468085107,22.0625,1.0822861194610596,1.03388362377882,1
12,7,0,77,0,49,6,16,6,10,4,4,19,0.022988505747126436,61.06,9.4,4.894736842105263,21.1875,1.0913008451461792,1.0383149459958076,1
17,2,0,42,4,25,8,10,0,3,2,3,7,0.022367194780987885,61.77,9.1,4.801104972375691,20.0,1.15535306930542,1.1541420102119446,1
28,9,0,65,0,45,13,14,3,6,5,8,15,0.02203856749311295,50.06,11.5,4.861386138613861,24.5,1.0808216333389282,1.1003800886017936,1
22,7,0,66,0,32,14,12,0,10,1,4,11,0.022014676450967312,53.21,10.3,5.160337552742616,22.75,1.1077895164489746,1.0656512379646301,1
36,10,0,70,1,34,10,15,4,7,1,6,21,0.021232522009321596,58.32,10.4,4.781155015197569,24.066666666666666,1.1122623682022095,1.1571973800659179,1
18,7,0,66,4,46,14,12,0,3,0,0,10,0.011838006230529595,35.17,13.1,5.713675213675214,22.25,1.103369116783142,1.0475541452566783,1
17,8,0,64,2,32,6,12,1,2,3,7,25,0.02175438596491228,67.89,8.8,4.760330578512397,22.166666666666668,1.1072280406951904,1.092548131942749,1
26,12,0,66,3,36,22,16,2,8,13,7,24,0.042134831460674156,56.86,8.9,5.147492625368732,24.4375,1.0723748207092285,1.0680858567357063,1
19,11,0,66,4,24,16,13,2,4,1,2,16,0.027700831024930747,54.22,9.9,5.304932735426009,19.692307692307693,1.1051838397979736,1.11453601030203,1
27,15,0,81,6,49,8,19,0,8,7,11,23,0.020072992700729927,54.12,10.0,5.011142061281337,20.36842105263158,1.0789960622787476,1.0276890051992316,1
13,6,0,61,5,47,9,14,0,2,3,7,7,0.05385060799073538,59.53,9.9,4.96140350877193,20.733333333333334,1.0938458442687988,1.0643970489501953,1
23,5,0,71,0,33,11,14,5,6,8,11,23,0.03539325842696629,50.46,11.4,4.898648648648648,23.571428571428573,1.0880522727966309,1.0425134301185608,1
25,10,0,79,3,42,12,17,0,5,4,7,22,0.01273209549071618,53.81,10.1,5.233108108108108,19.470588235294116,1.0884606838226318,1.0339695425594555,1
19,9,0,78,0,29,11,13,2,3,5,9,17,0.022170361726954493,42.21,12.5,5.141818181818182,23.23076923076923,1.1039561033248901,1.0682796239852905,1
19,8,0,75,10,37,9,17,0,4,11,12,31,0.028773072747014114,53.41,10.2,4.947368421052632,19.647058823529413,1.1020240783691406,1.0763678690966438,1
30,14,0,58,8,27,10,14,3,7,5,8,25,0.03582089552238806,59.64,9.9,4.605442176870748,21.933333333333334,1.0894924402236938,1.0444789250691733,1
18,9,0,62,18,40,11,14,3,8,5,6,12,0.02672209026128266,67.49,9.0,4.587837837837838,23.428571428571427,1.1225558519363403,1.0530279193605696,1
18,4,0,70,12,40,15,15,1,14,3,8,21,0.016552511415525113,67.99,8.8,4.504823151125402,23.666666666666668,1.0666494369506836,1.02669508010149,1
21,5,0,91,5,40,14,14,0,5,4,3,11,0.013233601841196778,44.14,11.7,5.465909090909091,20.928571428571427,1.092775583267212,1.0320182187216622,1
19,3,0,69,0,33,12,9,0,6,4,4,14,0.025499655410062026,22.45,15.9,5.666666666666667,26.77777777777778,1.1657050848007202,1.0886175764931574,1
17,12,0,60,9,36,10,12,3,4,13,3,11,0.027312228429546864,57.61,10.7,4.7644927536231885,23.23076923076923,1.0791945457458496,1.057594629434439,1
16,3,0,52,4,32,14,16,3,6,0,8,9,0.031746031746031744,66.33,7.3,4.609649122807017,16.176470588235293,1.1027814149856567,1.0461168363690376,1
19,16,0,70,1,43,10,12,1,9,4,6,13,0.016167664670658683,56.18,11.2,4.642611683848798,24.846153846153847,1.1149460077285767,1.0276451385938203,1
19,7,0,66,8,41,9,14,0,4,5,9,13,0.013853904282115869,52.8,10.5,5.062256809338521,20.071428571428573,1.1015598773956299,1.026037071432386,1
19,9,0,65,0,30,8,12,0,1,3,6,12,0.01858736059479554,46.47,10.8,5.628140703517588,18.5,1.1112854480743408,1.0789373715718586,1
27,9,0,57,15,32,9,13,1,8,7,3,15,0.031387319522912745,59.43,10.0,4.651079136690647,23.76923076923077,1.0841916799545288,1.0240927201050978,1
27,12,0,50,15,33,13,12,2,8,12,1,12,0.04004711425206125,57.1,10.9,4.964285714285714,26.0,1.0853185653686523,1.0645702083905537,1
27,9,0,56,7,29,9,10,1,4,1,8,18,0.02025658338960162,42.21,12.5,5.3130434782608695,25.7,1.1019303798675537,1.0511451721191407,1
20,4,0,54,4,26,17,12,0,3,4,11,23,0.03853442830069488,50.16,11.5,5.047058823529412,24.416666666666668,1.0846863985061646,1.0614053905010223,1
10,2,0,36,4,15,5,7,2,2,2,2,7,0.0408997955010225,48.74,12.0,4.778443113772455,26.285714285714285,1.145119547843933,1.0635467427117484,1
15,8,0,55,4,26,7,11,3,7,9,5,15,0.031023102310231022,56.39,11.2,4.702290076335878,25.818181818181817,1.0970416069030762,1.0417937690561467,1
29,8,0,66,3,34,6,13,3,7,6,4,20,0.0234093637454982,58.82,10.2,4.896057347670251,23.23076923076923,1.1074045896530151,1.0356596249800463,1
8,4,0,57,3,34,8,10,0,6,2,9,18,0.01532258064516129,51.07,11.1,5.014925373134329,22.6,1.1417969465255737,1.197039580345154,1
21,9,0,59,3,40,12,14,0,4,8,5,18,0.033482142857142856,34.76,13.3,5.416058394160584,21.642857142857142,1.1275382041931152,1.118382453918457,1
15,10,0,70,2,28,11,11,7,5,2,11,16,0.03433777154870357,50.87,11.2,5.0,24.181818181818183,1.1176053285598755,1.1474685668945312,1
15,5,0,50,0,51,15,14,2,7,3,11,15,0.024615384615384615,59.74,9.9,4.631205673758865,22.428571428571427,1.0953948497772217,1.0413333688463484,1
30,13,0,106,8,36,25,17,1,8,9,17,34,0.039323633503735744,55.17,11.6,4.861826697892272,27.764705882352942,1.0666149854660034,1.0248782424365772,1
34,9,0,76,3,26,8,14,2,6,6,7,11,0.014627659574468085,62.48,8.8,5.024489795918368,19.285714285714285,1.0944795608520508,1.0966201424598694,1
31,6,0,70,2,41,5,12,0,3,2,11,9,0.00980392156862745,50.36,11.4,5.390438247011952,22.833333333333332,1.1011024713516235,1.0312148133913677,1
28,9,0,77,7,43,13,16,2,4,10,8,18,0.02535496957403651,61.26,9.3,4.914893617021277,20.27777777777778,1.1090017557144165,1.0668298072285123,1
16,7,0,59,9,40,8,12,1,4,8,4,19,0.022207707380796866,58.92,10.2,4.991967871485944,21.76923076923077,1.0980027914047241,1.0276893010506263,1
30,14,0,51,6,26,15,16,1,8,4,6,13,0.038112522686025406,65.42,7.7,4.963235294117647,19.5,1.0798759460449219,1.097897820174694,1
15,13,0,65,8,46,12,16,0,5,9,7,21,0.02287581699346405,44.64,11.5,5.189003436426117,20.0625,1.0939468145370483,1.0575444027781487,1
15,6,0,55,7,42,11,13,0,4,5,1,6,0.02585034013605442,37.1,12.4,5.333333333333333,19.46153846153846,1.114382266998291,1.0340516475530772,1
22,4,0,55,5,35,13,12,3,3,7,7,10,0.024848891873740765,51.89,10.8,5.165957446808511,22.75,1.103858232498169,1.0733637710412343,1
22,5,0,66,2,48,10,16,3,2,9,14,21,0.023255813953488372,61.46,9.2,5.039735099337748,20.75,1.1252409219741821,1.0767305344343185,1
26,12,0,98,2,37,6,19,3,6,7,9,15,0.018433179723502304,46.98,10.6,5.304918032786885,17.57894736842105,1.0805976390838623,1.033009504017077,1
20,11,0,61,6,26,7,15,0,8,8,8,6,0.03178484107579462,60.95,9.4,4.671378091872792,20.666666666666668,1.095863938331604,1.032317034403483,1
32,13,0,63,0,43,12,11,7,4,7,5,16,0.026613816534541337,46.3,13.0,5.119718309859155,26.416666666666668,1.0883545875549316,1.08250825603803,1
17,9,0,47,9,26,5,13,1,10,4,9,13,0.032011134307585246,69.11,8.3,4.603174603174603,21.23076923076923,1.0959993600845337,1.04559326171875,1
21,7,0,58,11,23,21,11,1,6,11,4,11,0.033641160949868076,41.29,12.8,5.236286919831223,24.636363636363637,1.1283166408538818,1.056274338202043,1
15,4,0,63,2,58,11,11,1,10,12,12,18,0.029871323529411766,39.71,15.5,5.15606936416185,35.27272727272727,1.07170832157135,1.0465386238965122,1
13,9,0,61,3,42,15,14,2,4,5,8,15,0.02997601918465228,62.27,8.9,4.756183745583039,22.785714285714285,1.0855406522750854,1.0305881244795663,1
20,3,0,98,5,45,11,13,1,9,7,17,24,0.012939001848428836,38.15,14.0,5.129682997118156,29.384615384615383,1.0789647102355957,1.084459011371319,1
10,7,0,67,15,32,13,14,6,3,5,9,14,0.027346637102734665,63.9,8.3,4.8017621145374445,18.714285714285715,1.1229016780853271,1.0582411885261536,1
19,9,0,58,8,34,6,13,0,11,1,1,1,0.01340282948622487,70.73,7.7,4.8097345132743365,19.23076923076923,1.112629771232605,1.0618380491550152,1
32,6,0,66,7,23,11,11,11,4,2,5,19,0.02194964493221433,41.7,12.7,5.149193548387097,25.727272727272727,1.092614769935608,1.0445916219191118,1
25,10,0,69,1,46,11,14,1,8,2,10,14,0.020105820105820106,44.34,11.6,5.277027027027027,23.071428571428573,1.0876622200012207,1.0628691060202462,1
52,15,0,77,10,41,18,18,4,7,17,4,38,0.04342723004694836,41.7,12.7,5.0823244552058116,25.833333333333332,1.0940754413604736,1.077892217371199,1
25,8,0,58,4,52,15,12,0,14,10,1,6,0.013922518159806295,63.93,10.3,4.542955326460481,24.923076923076923,1.0917574167251587,1.1284685318286602,1
11,8,0,48,0,34,10,13,0,1,4,9,16,0.034119106699751864,43.83,11.8,5.25984251968504,21.384615384615383,1.0974228382110596,1.077347682072566,1
16,3,0,73,4,32,10,13,0,6,3,10,16,0.015018773466833541,59.53,9.9,4.988549618320611,22.0,1.0913660526275635,1.0326540928620558,1
26,8,0,61,0,30,8,11,1,5,1,6,12,0.01029512697323267,50.06,11.5,5.076271186440678,23.363636363636363,1.1084798574447632,1.1833806796507402,1
29,7,0,95,2,48,14,16,1,9,10,14,22,0.01232134056185313,61.06,9.4,4.870206489675517,21.941176470588236,1.0948375463485718,1.0584993572796093,1
19,8,0,64,2,28,6,13,5,8,5,1,19,0.026674937965260544,51.68,10.9,5.026515151515151,22.23076923076923,1.095470905303955,1.0426986125799327,1
32,7,0,86,3,41,23,19,0,11,5,11,26,0.028362305580969808,69.82,8.1,4.8038147138964575,22.0,1.0634092092514038,1.0659290238430625,1
43,5,0,70,6,41,11,16,0,6,3,5,13,0.025014212620807278,45.76,11.1,5.338235294117647,18.8125,1.096477746963501,1.0401768535375595,1
19,14,0,73,6,41,17,14,3,12,6,10,12,0.012965050732807215,58.21,10.5,4.657980456026059,24.714285714285715,1.0747193098068237,1.0584028022629874,1
25,1,0,72,4,30,12,15,1,6,2,7,10,0.025377643504531724,63.09,8.6,4.992592592592593,19.125,1.085866093635559,1.0644985362887383,1
16,11,0,68,0,36,9,19,1,6,13,6,23,0.032443746729461015,53.92,10.0,4.974522292993631,18.105263157894736,1.08053719997406,1.1396691485455162,1
27,7,0,53,1,19,9,13,10,7,3,4,14,0.0274294670846395,71.75,7.3,4.432900432900433,20.307692307692307,1.1687450408935547,1.1326980590820312,1
22,11,0,81,2,47,15,17,1,8,3,7,22,0.03553530751708428,53.1,10.3,5.402985074626866,22.88235294117647,1.068764567375183,1.0350407852846033,1
17,10,0,68,10,41,28,12,1,8,11,8,13,0.025391680172879523,57.71,10.7,4.831715210355987,29.583333333333332,1.082300066947937,1.0756346881389618,1
27,12,0,56,1,28,6,13,4,4,10,3,18,0.02869097429766886,50.77,11.2,5.0661764705882355,22.76923076923077,1.0942062139511108,1.0293833750944872,1
17,10,0,65,0,42,12,13,0,8,6,7,9,0.030497592295345103,40.48,13.1,5.313793103448276,24.846153846153847,1.090609073638916,1.0357881142542913,1
16,7,0,49,3,25,6,11,2,8,4,6,8,0.0347758887171561,60.14,9.7,4.834862385321101,21.636363636363637,1.1220545768737793,1.1055938330563633,1
19,13,0,42,11,36,13,12,0,3,3,7,16,0.027162258756254467,63.29,8.5,4.947826086956522,21.333333333333332,1.1143063306808472,1.094740221897761,1
30,3,0,66,1,39,10,13,0,6,4,4,12,0.03237791932059448,61.77,9.1,4.914012738853503,26.53846153846154,1.0778757333755493,1.0443930901013887,1
19,14,0,69,10,41,13,14,0,3,11,7,13,0.022448979591836733,49.45,11.8,5.264705882352941,24.642857142857142,1.0861930847167969,1.0365255900791712,1
15,13,0,59,7,32,9,16,1,7,5,5,12,0.0389030612244898,66.23,7.4,4.957198443579767,17.9375,1.1030977964401245,1.045765221118927,1
11,8,0,67,5,43,13,16,2,5,7,10,15,0.018315018315018316,54.63,9.8,4.962825278810409,18.8125,1.140946865081787,1.0600230544805527,1
15,9,0,39,7,21,9,11,0,4,2,5,5,0.029356060606060608,63.49,8.4,4.748603351955308,18.272727272727273,1.2006157636642456,1.0470650737935847,1
9,7,0,63,6,40,10,11,0,5,7,6,9,0.02134986225895317,69.11,8.3,4.536964980544747,26.363636363636363,1.1044974327087402,1.0470611398870295,1
14,6,0,62,7,27,4,12,2,7,12,8,23,0.030080213903743314,58.01,10.5,4.600760456273764,23.666666666666668,1.0967925786972046,1.0762770473957062,1
17,10,0,65,6,40,13,14,0,5,4,6,18,0.031073446327683617,51.28,11.1,5.164874551971326,23.142857142857142,1.106606125831604,1.0417739323207311,1
12,10,0,76,5,39,11,13,4,9,2,7,22,0.015328019619865114,66.88,9.2,4.697508896797153,23.846153846153847,1.0912108421325684,1.0680103852198675,1
26,8,0,63,2,37,16,13,0,7,7,6,18,0.026101141924959218,52.49,10.6,4.879084967320262,23.066666666666666,1.0827453136444092,1.0635348955790203,1
16,10,0,65,9,40,12,12,0,4,6,11,23,0.015489467162329617,66.07,9.5,4.981060606060606,24.416666666666668,1.1029571294784546,1.0505983134110768,1
11,5,0,46,3,25,5,11,2,4,4,3,6,0.030798845043310877,67.04,7.1,4.6187845303867405,18.181818181818183,1.1442235708236694,1.0797783027995715,1
31,7,0,73,7,41,6,13,6,7,6,8,12,0.018878400888395337,41.7,12.7,5.338129496402877,22.5,1.0889939069747925,1.1020935455958047,1
26,10,0,88,1,51,10,19,0,4,3,12,26,0.03046521202140799,43.12,12.1,5.3,21.894736842105264,1.0776156187057495,1.0483293771743774,1
28,5,0,77,8,39,15,14,0,2,5,8,14,0.019988577955454025,51.78,10.9,5.285714285714286,21.642857142857142,1.0922091007232666,1.0707319038254874,1
34,11,0,105,2,36,15,15,5,9,4,15,16,0.009487666034155597,33.24,13.8,5.431677018633541,24.0,1.0853450298309326,1.0636288086573282,1
26,11,0,71,2,33,9,14,0,7,9,9,17,0.0425,64.41,8.1,4.524822695035461,23.142857142857142,1.0883651971817017,1.054851268018995,1
12,4,0,70,6,35,9,13,2,11,5,2,13,0.013861386138613862,68.3,8.7,4.67816091954023,22.384615384615383,1.090852975845337,1.064488594348614,1
21,7,0,83,3,41,18,14,1,11,7,8,10,0.015444015444015444,42.82,12.2,5.287234042553192,22.785714285714285,1.083823800086975,1.0322515283312117,1
16,14,0,68,12,36,8,11,1,5,6,3,7,0.018931710615280595,63.09,8.6,4.705882352941177,21.46153846153846,1.121169090270996,1.046023231286269,1
24,16,0,73,0,43,12,15,0,5,2,7,11,0.036566785170137124,49.86,11.6,4.914373088685015,24.2,1.0876383781433105,1.0705111185709635,1
28,9,0,72,6,38,9,13,2,4,10,4,12,0.0306391970417327,49.35,11.8,5.048701298701299,25.76923076923077,1.0883822441101074,1.0798670145181508,1
32,13,0,72,10,42,9,14,7,8,6,5,20,0.02895111532985287,55.47,11.5,4.6287262872628725,28.642857142857142,1.0729657411575317,1.0212825536727905,1
34,5,0,73,4,43,9,18,0,4,11,9,30,0.032101167315175094,56.96,8.9,5.133738601823708,20.11111111111111,1.0889397859573364,1.0694070193502638,1
21,12,0,79,3,29,15,17,3,12,4,2,9,0.015335463258785943,72.26,7.1,4.538181818181818,18.529411764705884,1.0832736492156982,1.018693110522102,1
