ADJ,ADV,CONJ,NOUN,NUM,VERB,COMMA,FULLSTOP,SPECIAL-,FUNCTION-A,FUNCTION-IN,FUNCTION-OF,FUNCTION-THE,uppercase_freq,flesch_reading_ease,flesch_kincaid_grade_level,avg_word_length,avg_sentence_length,text_perplexity,avg_sentence_perplexity,prompt_text_cosine_similarity,avg_sentence_cosine_similarity,label
11,3,0,24,0,10,5,4,0,3,4,4,10,0.029173419773095625,38.35,13.9,5.278350515463917,26.5,1.0198078155517578,1.1503770351409912,0.9706557393074036,0.979158878326416,0
6,2,0,7,0,6,2,2,0,1,2,1,4,0.025974025974025976,52.19,10.7,5.0,21.0,1.0846320390701294,1.0539275407791138,0.971264123916626,0.9772228598594666,0
3,0,0,3,0,0,0,1,0,1,0,1,1,0.013513513513513514,68.77,6.4,5.545454545454546,14.0,1.0212621688842773,1.0212621688842773,0.9864382743835449,0.0,0
12,3,0,18,1,7,1,3,2,1,0,1,5,0.02364066193853428,42.0,12.5,5.415384615384616,25.0,1.0045322179794312,1.0102720260620117,0.9742912650108337,0.9712694883346558,0
12,5,0,34,0,14,8,6,1,0,0,1,6,0.013959390862944163,28.33,13.7,6.224299065420561,20.666666666666668,1.0832828283309937,1.078211526075999,0.9652389287948608,0.9764697074890136,0
5,1,0,6,0,4,2,1,0,2,1,0,1,0.016304347826086956,25.12,17.0,5.275862068965517,32.0,1.0040370225906372,1.0040370225906372,0.9765176773071289,0.0,0
14,4,0,34,1,8,5,2,0,1,3,6,2,0.0032258064516129032,1.94,23.8,5.9772727272727275,48.0,1.0081818103790283,1.00661301612854,0.9693474769592285,0.9744390249252319,0
9,0,0,27,0,7,3,3,1,1,3,4,3,0.012711864406779662,23.05,15.7,5.768115942028985,25.333333333333332,1.1898285150527954,1.2543957630793254,0.9616418480873108,0.9836041331291199,0
4,0,0,4,0,2,0,1,0,0,1,0,1,0.00909090909090909,22.41,13.9,6.333333333333333,16.0,1.0014095306396484,1.0014095306396484,0.9780323505401611,0.0,0
11,2,0,13,1,3,0,3,1,1,1,2,4,0.009836065573770493,54.52,9.8,4.9411764705882355,18.333333333333332,1.0974758863449097,1.1534607410430908,0.9769855737686157,0.9781940877437592,0
4,2,0,24,0,5,1,2,0,0,2,1,1,0.01881720430107527,34.09,15.6,5.491228070175438,30.0,1.1750513315200806,1.0748761892318726,0.9542086124420166,0.9821780323982239,0
5,1,0,13,0,8,3,2,0,2,0,0,0,0.006535947712418301,-0.1,18.4,6.365853658536586,23.0,1.0004956722259521,1.0003318190574646,0.9712792038917542,0.9841760993003845,0
2,1,0,11,0,6,1,2,0,0,3,2,1,0.08502024291497975,43.22,12.1,5.125,22.0,1.0026220083236694,1.0027034282684326,0.9795336723327637,0.9779033064842224,0
5,0,0,20,1,6,1,3,2,0,0,2,2,0.018404907975460124,30.16,13.0,5.551020408163265,19.0,1.1404484510421753,1.2882696787516277,0.9635398983955383,0.9617103636264801,0
4,3,0,14,0,3,0,2,0,1,1,0,0,0.045081967213114756,28.84,13.5,6.117647058823529,18.5,1.7766001224517822,1.582871675491333,0.9813099503517151,0.9829577207565308,0
6,0,0,4,0,1,0,1,0,1,1,0,0,0.032520325203252036,20.38,14.6,6.235294117647059,18.0,1.0004117488861084,1.0004117488861084,0.9788503646850586,0.0,0
8,1,0,20,0,5,1,3,2,2,5,1,5,0.041463414634146344,48.43,12.1,4.746478873239437,25.666666666666668,1.0047165155410767,1.0020147164662678,0.9716832041740417,0.9825218617916107,0
2,0,0,6,0,2,0,1,0,0,1,0,0,0.009615384615384616,47.79,10.3,5.933333333333334,16.0,1.004826307296753,1.004826307296753,0.9788487553596497,0.0,0
2,1,0,3,0,2,0,1,0,1,1,0,0,0.027777777777777776,62.68,8.7,5.352941176470588,18.0,1.0110948085784912,1.0110948085784912,0.9842957854270935,0.0,0
10,0,0,8,0,4,0,2,0,0,2,1,1,0.040983606557377046,4.98,16.4,6.59375,17.5,1.000401496887207,1.0019306540489197,0.9737149477005005,0.9833930730819702,0
4,3,0,19,1,5,0,3,0,2,1,5,3,0.008695652173913044,36.59,12.6,5.452830188679245,19.0,1.0539525747299194,1.0094883441925049,0.9840906262397766,0.9754363000392914,0
4,0,0,11,1,3,2,2,0,0,2,1,0,0.04310344827586207,21.4,14.3,6.15625,18.0,1.0077840089797974,1.0102741718292236,0.9846181273460388,0.977925181388855,0
6,5,0,12,0,4,2,2,2,0,1,0,0,0.026936026936026935,17.34,15.8,6.0,24.0,1.0029898881912231,1.388265073299408,0.9740374088287354,0.9708982110023499,0
4,9,0,5,0,5,2,2,0,0,0,0,0,0.07079646017699115,29.35,13.3,5.757575757575758,18.5,1.0858309268951416,1.1368671655654907,0.9877308011054993,0.9809888005256653,0
13,3,0,14,0,6,2,3,2,0,2,2,1,0.007537688442211055,19.06,15.1,5.912280701754386,21.333333333333332,1.00374174118042,1.0307448705037434,0.98209547996521,0.9613224565982819,0
8,1,0,16,0,5,0,2,0,2,5,4,5,0.0064516129032258064,44.07,13.8,4.722222222222222,28.0,1.205274224281311,1.2647657990455627,0.963189959526062,0.9859546422958374,0
9,1,0,11,1,2,3,1,0,0,0,4,2,0.0031847133757961785,1.44,24.0,6.068181818181818,48.0,1.008095145225525,1.008095145225525,0.9848300814628601,0.0,0
5,0,0,4,0,1,0,1,1,1,0,0,0,0.056910569105691054,12.94,15.4,6.235294117647059,19.0,1.0026053190231323,1.0026053190231323,0.9956926703453064,0.0,0
5,0,0,3,0,2,1,1,0,0,0,0,0,0.008620689655172414,37.3,12.3,5.764705882352941,19.0,1.0049031972885132,1.0049031972885132,0.9706619381904602,0.0,0
4,1,0,30,2,3,1,2,0,2,3,2,3,0.058823529411764705,54.9,13.8,4.298507462686567,35.5,1.578364610671997,1.1412509679794312,0.9741967916488647,0.9920473098754883,0
2,0,0,7,0,4,0,1,0,0,1,2,1,0.039473684210526314,36.63,14.6,4.846153846153846,27.0,1.1005750894546509,1.1005750894546509,0.9696959853172302,0.0,0
3,0,0,4,0,3,1,1,0,0,0,0,1,0.015503875968992248,58.62,10.3,5.095238095238095,23.0,1.8489959239959717,1.8489959239959717,0.9789599180221558,0.0,0
11,1,0,14,0,3,0,3,0,1,2,3,1,0.00909090909090909,21.4,14.3,5.833333333333333,17.0,1.001070499420166,1.001273512840271,0.9706671833992004,0.981784999370575,0
3,0,0,8,0,3,0,1,1,0,1,2,0,0.00684931506849315,50.16,11.5,5.636363636363637,24.0,1.0256564617156982,1.0256564617156982,0.9681634306907654,0.0,0
5,1,0,5,0,5,1,2,0,0,1,1,4,0.021739130434782608,52.7,10.5,5.162162162162162,20.0,1.031023383140564,1.0283993482589722,0.9796774387359619,0.9695395827293396,0
12,0,0,17,0,5,2,2,0,2,3,2,1,0.015584415584415584,23.6,17.5,5.161290322580645,33.5,1.56540048122406,1.3040568828582764,0.9821556806564331,0.9830766916275024,0
3,1,0,10,0,2,1,1,3,0,1,0,1,0.040229885057471264,43.06,14.2,4.580645161290323,36.0,1.012376308441162,1.012376308441162,0.9746066331863403,0.0,0
4,3,0,17,1,8,1,3,4,0,1,3,1,0.008746355685131196,36.59,12.6,4.964912280701754,21.666666666666668,1.0070732831954956,1.0025288661321003,0.9740879535675049,0.9815234243869781,0
9,1,0,18,0,4,1,2,3,0,2,3,4,0.023391812865497075,14.29,17.0,5.938775510204081,27.5,1.0094656944274902,1.0043530464172363,0.9753687381744385,0.9870832562446594,0
6,1,0,6,0,1,1,1,0,0,2,1,1,0.05161290322580645,29.18,15.4,4.923076923076923,29.0,1.0006157159805298,1.0006157159805298,0.978905200958252,0.0,0
7,4,0,16,0,5,2,2,0,0,1,2,2,0.044444444444444446,28.67,15.6,6.0,27.5,1.179054617881775,1.1190316677093506,0.9876569509506226,0.9657347798347473,0
7,2,0,8,0,3,0,1,0,0,0,0,0,0.0045662100456621,-8.73,21.7,6.551724137931035,30.0,1.012633204460144,1.012633204460144,0.9891734719276428,0.0,0
3,1,0,6,1,2,0,1,0,0,1,1,1,0.007874015748031496,27.83,13.9,6.0,20.0,1.0130805969238281,1.0130805969238281,0.9777648448944092,0.0,0
7,0,0,14,0,6,1,2,1,1,0,3,1,0.047021943573667714,29.69,15.2,5.34,27.0,1.003799557685852,1.0092077851295471,0.9728137850761414,0.984700083732605,0
3,1,0,27,1,10,2,3,0,3,3,2,3,0.005917159763313609,14.29,17.0,6.27536231884058,25.0,1.0070881843566895,1.022566318511963,0.9743624925613403,0.9774425029754639,0
5,1,0,6,0,2,0,2,1,1,1,0,0,0.014388489208633094,4.14,14.7,7.117647058823529,10.0,1.0012849569320679,1.0007033348083496,0.98323655128479,0.9702314734458923,0
12,1,0,14,0,2,1,2,0,2,0,2,4,0.008670520231213872,21.23,16.4,5.9,26.5,1.0109134912490845,1.01408851146698,0.9422764182090759,0.9774688482284546,0
8,1,0,9,0,3,1,2,0,0,1,1,1,0.008849557522123894,53.71,10.1,5.4,19.0,1.0068472623825073,1.0041622519493103,0.9801942110061646,0.9778317213058472,0
3,1,0,11,0,6,0,3,0,1,3,0,0,0.0749063670411985,33.61,11.6,6.162162162162162,13.333333333333334,1.0048894882202148,1.0089969635009766,0.9828739762306213,0.9819400012493134,0
6,0,0,14,1,2,5,1,0,1,0,2,1,0.015444015444015444,24.45,19.3,5.657894736842105,45.0,1.7895857095718384,1.7895857095718384,0.9779771566390991,0.0,0
1,0,0,3,0,1,0,1,0,0,1,1,1,0.02564102564102564,58.28,8.4,5.0,14.0,1.539641261100769,1.539641261100769,0.9971298575401306,0.0,0
6,3,0,15,0,4,3,2,0,0,2,5,5,0.05142857142857143,18.69,17.4,5.290909090909091,30.5,1.018011450767517,1.0871159434318542,0.9660802483558655,0.9842682480812073,0
8,5,0,14,0,3,3,2,1,1,1,3,2,0.006172839506172839,30.7,14.8,5.666666666666667,27.0,1.00399911403656,1.0027358531951904,0.9714351296424866,0.989271879196167,0
1,0,0,4,0,1,0,1,0,0,0,1,0,0.014705882352941176,-4.33,15.9,6.666666666666667,10.0,2.1024622917175293,2.1024622917175293,0.9795633554458618,0.0,0
8,1,0,13,0,1,0,2,1,1,1,3,3,0.0078125,18.86,15.2,5.7105263157894735,20.5,1.0026514530181885,1.0012149810791016,0.9721214771270752,0.9808942675590515,0
5,5,0,9,0,5,1,2,1,0,1,1,2,0.022727272727272728,15.31,16.6,5.8,24.5,1.0074584484100342,1.0200638175010681,0.9776553511619568,0.9849081039428711,0
3,0,0,5,0,3,1,1,0,1,0,2,1,0.027586206896551724,24.78,15.0,5.857142857142857,23.0,1.0044875144958496,1.0044875144958496,0.9824916124343872,0.0,0
1,0,0,5,0,2,0,1,0,0,3,2,2,0.08148148148148149,55.58,11.5,4.625,25.0,1.1563037633895874,1.1563037633895874,0.9750819206237793,0.0,0
11,3,0,17,0,9,4,3,0,1,1,4,4,0.06792452830188679,27.15,16.2,5.365853658536586,30.666666666666668,1.1730915307998657,1.1124139229456584,0.9558773040771484,0.9818895757198334,0
4,1,0,12,0,4,0,2,0,0,1,1,4,0.019762845849802372,43.73,11.9,5.631578947368421,20.0,1.0052165985107422,1.0042499899864197,0.971520721912384,0.9810924530029297,0
8,3,0,8,0,2,2,2,0,1,0,3,3,0.027874564459930314,40.18,13.2,5.311111111111111,24.5,1.0591412782669067,1.019622027873993,0.9552993774414062,0.9820971488952637,0
6,2,0,16,1,3,1,2,0,2,1,3,2,0.04093567251461988,44.58,13.6,5.181818181818182,30.0,1.0132758617401123,1.1895909309387207,0.9818134307861328,0.9856763482093811,0
8,2,0,13,1,2,3,2,0,0,1,3,0,0.007434944237918215,42.72,12.3,5.625,22.5,1.0090714693069458,1.0073748230934143,0.9731743335723877,0.982123076915741,0
10,1,0,18,2,7,0,4,0,2,3,1,2,0.01834862385321101,21.9,14.1,5.703125,18.0,1.185084581375122,1.082954317331314,0.9693976044654846,0.962589681148529,0
7,2,0,18,1,9,3,3,1,1,1,2,3,0.03953488372093023,25.49,14.7,5.854838709677419,23.0,1.1311373710632324,1.0436716079711914,0.9722303748130798,0.9856837391853333,0
9,3,0,18,0,4,4,2,1,0,1,1,2,0.005305039787798408,26.64,16.4,5.543859649122807,32.0,1.1151021718978882,1.05352121591568,0.9581995010375977,0.9792830944061279,0
4,0,0,8,0,6,1,2,0,1,0,2,2,0.014652014652014652,34.26,13.5,5.775,21.5,1.020682454109192,1.0053961873054504,0.9836023449897766,0.9856612682342529,0
3,0,0,11,1,2,1,1,2,2,1,1,1,0.022988505747126436,25.12,17.0,4.580645161290323,35.0,1.018843173980713,1.018843173980713,0.9873288869857788,0.0,0
2,0,0,6,0,1,1,1,0,0,0,2,3,0.034482758620689655,59.64,9.9,4.75,22.0,1.0005460977554321,1.0005460977554321,0.9708200097084045,0.0,0
1,2,0,13,0,7,0,3,0,0,0,1,1,0.01048951048951049,49.52,9.7,6.1,14.333333333333334,1.004555583000183,1.0181910594304402,0.9808916449546814,0.973088949918747,0
8,1,0,14,0,4,1,3,0,2,1,0,0,0.009584664536741214,47.49,10.4,5.739130434782608,16.666666666666668,1.1483442783355713,1.0318004687627156,0.9777421355247498,0.9809341728687286,0
6,0,0,13,0,3,2,1,0,2,1,3,2,0.0072992700729927005,-2.97,23.6,5.8,43.0,1.002001404762268,1.002001404762268,0.9769014120101929,0.0,0
10,4,0,18,3,3,0,3,1,2,2,2,2,0.018561484918793503,17.34,15.8,6.032786885245901,21.666666666666668,1.1015244722366333,1.0829924742380779,0.9824407696723938,0.9824646413326263,0
7,2,0,22,0,7,6,4,2,1,1,4,9,0.020618556701030927,43.93,11.8,5.181818181818182,22.25,1.2096606492996216,1.2365803122520447,0.9807876348495483,0.9784933924674988,0
14,0,0,16,0,9,1,3,2,1,0,2,1,0.021834061135371178,9.59,16.7,6.583333333333333,22.0,1.1694629192352295,1.2099628845850627,0.977858304977417,0.985316127538681,0
5,1,0,11,0,2,1,2,0,1,1,3,1,0.05045871559633028,36.28,12.7,5.0,19.5,1.0010099411010742,1.0011144876480103,0.9886947274208069,0.9856069087982178,0
6,0,0,15,0,4,1,2,1,0,0,2,3,0.007272727272727273,33.24,13.8,5.348837209302325,23.5,1.1011546850204468,1.0276552438735962,0.9780594110488892,0.9842050075531006,0
1,2,0,4,1,2,1,1,0,0,0,2,0,0.031914893617021274,54.22,9.9,4.411764705882353,20.0,1.4185558557510376,1.4185558557510376,0.9751856923103333,0.0,0
6,5,0,19,0,4,5,3,0,0,1,1,3,0.06542056074766354,17.34,15.8,6.016666666666667,22.666666666666668,1.0314973592758179,1.049641211827596,0.9845765233039856,0.9848737716674805,0
4,0,0,11,0,4,0,1,0,2,1,2,0,0.05741626794258373,36.97,16.6,5.147058823529412,35.0,1.006358027458191,1.006358027458191,0.9872945547103882,0.0,0
5,1,0,21,3,8,5,3,4,4,0,0,0,0.022058823529411766,51.89,10.8,5.467741935483871,24.666666666666668,1.1725438833236694,1.0653814872105916,0.9088827967643738,0.953392505645752,0
4,1,0,10,0,3,0,2,0,0,0,2,1,0.0106951871657754,25.46,12.7,6.75,13.0,1.1095521450042725,1.02171391248703,0.9816623330116272,0.9763298034667969,0
2,0,0,11,0,3,0,2,1,0,4,3,1,0.05627705627705628,37.3,12.3,5.571428571428571,19.0,1.010843276977539,1.006446123123169,0.9890238046646118,0.9865716099739075,0
8,1,0,16,0,5,1,2,0,0,0,1,2,0.023529411764705882,22.24,16.0,6.191489361702128,25.0,1.3582286834716797,1.3414713144302368,0.9718295931816101,0.9869444370269775,0
23,2,0,29,0,11,0,7,1,3,4,6,3,0.008793969849246231,37.4,12.2,5.638655462184874,18.142857142857142,1.002637267112732,1.002433282988412,0.9652943015098572,0.9732655783494314,0
9,8,0,21,0,10,1,3,0,0,0,2,3,0.005504587155963303,4.1,18.8,6.324324324324325,26.0,1.0016754865646362,1.017352302869161,0.9777825474739075,0.9720806181430817,0
13,0,0,25,3,6,5,3,1,2,1,5,1,0.0055762081784386614,13.99,17.1,6.47887323943662,26.666666666666668,1.026388168334961,1.0145984490712483,0.9374849200248718,0.9842146337032318,0
9,1,0,15,0,1,3,2,1,0,1,3,1,0.017605633802816902,48.64,12.1,5.086956521739131,26.0,1.4492251873016357,1.308759868144989,0.9550029635429382,0.9751368165016174,0
7,2,0,13,0,3,2,2,0,2,1,1,0,0.008,27.83,13.9,5.861111111111111,20.0,1.0040078163146973,1.006947934627533,0.98529452085495,0.9623814225196838,0
6,0,0,7,0,2,1,1,0,2,0,1,0,0.005128205128205128,26.14,16.6,5.928571428571429,30.0,1.0009548664093018,1.0009548664093018,0.9884067177772522,0.0,0
3,1,0,9,0,4,1,1,0,1,2,1,1,0.07777777777777778,18.69,17.4,5.172413793103448,33.0,1.0007277727127075,1.0007277727127075,0.9629501700401306,0.0,0
7,0,0,5,1,2,0,2,1,0,0,3,0,0.06726457399103139,56.11,7.1,5.083333333333333,21.5,1.0023759603500366,1.0040156841278076,0.9798951745033264,0.9872891902923584,0
2,2,0,6,0,6,0,1,0,1,0,2,0,0.06806282722513089,36.97,16.6,4.617647058823529,35.0,1.006042242050171,1.006042242050171,0.9837828278541565,0.0,0
7,4,0,20,0,6,2,2,0,1,0,5,2,0.005,16.66,18.1,5.844827586206897,31.0,1.0034536123275757,1.4898921847343445,0.974363386631012,0.9814778566360474,0
9,0,0,14,0,4,1,3,0,3,1,1,1,0.00974025974025974,22.71,13.7,5.931818181818182,16.0,1.0120905637741089,1.3505775928497314,0.9669021964073181,0.9783866703510284,0
9,4,0,32,1,7,2,4,0,1,1,1,4,0.009259259259259259,42.21,12.5,5.369047619047619,23.0,1.006424069404602,1.0162540674209595,0.9686999917030334,0.9789028763771057,0
5,2,0,5,0,1,0,2,0,1,1,1,0,0.05521472392638037,25.96,12.5,6.043478260869565,12.5,1.0012520551681519,1.0039018988609314,0.9859256744384766,0.9838022589683533,0
10,0,0,25,0,6,1,3,2,0,1,2,2,0.0440251572327044,32.9,11.9,5.9411764705882355,25.666666666666668,1.0044007301330566,1.0201935768127441,0.9700945615768433,0.9633751511573792,0
6,0,0,11,0,1,0,2,0,0,0,2,0,0.010101010101010102,7.52,15.4,6.576923076923077,14.0,1.0291239023208618,1.0339006781578064,0.990119218826294,0.9795334339141846,0
6,1,0,16,0,7,4,2,0,0,3,3,3,0.0057306590257879654,20.21,16.8,5.745098039215686,28.5,1.002047061920166,1.0016277432441711,0.9841346740722656,0.9848998785018921,0
5,2,0,11,0,2,1,2,0,1,0,1,5,0.04950495049504951,54.22,9.9,4.714285714285714,19.5,1.1811591386795044,1.1646373867988586,0.9824126362800598,0.986432671546936,0
3,0,0,13,0,4,0,2,1,0,3,0,3,0.016597510373443983,27.83,13.9,5.486486486486487,20.0,1.0331494808197021,1.0154107809066772,0.9724726676940918,0.9714878797531128,0
5,2,0,17,0,5,3,2,0,1,2,4,1,0.005420054200542005,-3.15,19.5,6.76595744680851,26.0,1.1843171119689941,1.1449215412139893,0.9735949039459229,0.9758394956588745,0
11,1,0,21,1,5,1,2,1,1,0,4,1,0.005012531328320802,33.58,15.8,5.451612903225806,33.0,1.0530024766921997,1.0464385747909546,0.9723842740058899,0.9760169982910156,0
9,1,0,9,0,4,1,2,0,0,1,4,0,0.0196078431372549,42.38,10.3,6.027777777777778,19.5,1.0073553323745728,1.026125967502594,0.9782047867774963,0.9853217005729675,0
5,1,0,11,0,3,0,2,0,0,0,3,1,0.007782101167315175,-12.45,19.0,7.0,17.0,1.0012598037719727,1.0008428692817688,0.9903171062469482,0.9791812896728516,0
3,0,0,14,0,8,1,2,0,1,1,0,0,0.007874015748031496,28.33,13.7,6.2,19.0,1.006800651550293,1.0141948461532593,0.950672447681427,0.9705626964569092,0
2,1,0,21,0,5,2,2,2,1,0,4,1,0.0072992700729927005,26.3,14.4,5.4523809523809526,24.5,1.001329779624939,1.0009223222732544,0.9848765134811401,0.9835414886474609,0
4,2,0,9,0,3,0,1,0,0,1,3,1,0.02336448598130841,6.17,20.1,5.903225806451613,32.0,1.3891056776046753,1.3891056776046753,0.9580127596855164,0.0,0
3,0,0,10,0,3,2,1,0,1,0,2,2,0.005747126436781609,29.18,15.4,5.88,28.0,1.0012977123260498,1.0012977123260498,0.9842063784599304,0.0,0
5,1,0,18,0,6,1,2,1,1,1,0,2,0.005934718100890208,22.24,16.0,5.9375,27.0,1.0034143924713135,1.001820683479309,0.9821353554725647,0.9859362244606018,0
4,0,0,13,0,0,3,1,0,0,1,5,1,0.0051813471502590676,25.12,17.0,5.551724137931035,33.0,1.0236024856567383,1.0236024856567383,0.9746385216712952,0.0,0
5,1,0,11,5,4,0,2,1,0,1,0,0,0.029850746268656716,27.32,14.0,5.675,22.5,1.0121526718139648,1.0711238980293274,0.9796930551528931,0.988675057888031,0
7,2,0,11,0,3,3,1,1,2,1,2,1,0.004149377593360996,31.89,18.5,4.804878048780488,47.0,1.0069307088851929,1.0069307088851929,0.9826858043670654,0.0,0
2,1,0,6,0,3,1,1,1,1,0,2,2,0.041666666666666664,76.22,5.6,4.72,14.0,1.2370258569717407,1.0364423394203186,0.9811054468154907,0.9734717011451721,0
7,0,0,17,0,6,0,3,0,1,2,3,0,0.04294478527607362,46.06,11.0,5.230769230769231,19.0,1.1635830402374268,1.1100677251815796,0.9794018864631653,0.9776418805122375,0
2,1,0,16,0,4,0,2,1,0,1,2,0,0.008438818565400843,13.95,15.0,6.580645161290323,17.5,1.001233458518982,1.0028798580169678,0.9772489070892334,0.9853516817092896,0
7,0,0,11,0,5,0,3,0,1,1,3,0,0.012195121951219513,34.22,11.4,5.9714285714285715,12.666666666666666,1.0045331716537476,1.0049352248509724,0.9851899147033691,0.9745962917804718,0
15,0,0,32,0,9,7,5,1,4,1,4,4,0.013513513513513514,26.4,14.4,5.595959595959596,23.0,1.0699856281280518,1.085654616355896,0.9601979851722717,0.968740776181221,0
5,1,0,19,0,4,1,2,0,0,1,2,1,0.005763688760806916,5.32,18.4,6.340425531914893,25.0,1.0016562938690186,1.0046418905258179,0.9575746655464172,0.983461856842041,0
4,2,0,16,0,5,1,2,0,0,3,3,1,0.024096385542168676,28.17,15.8,5.346153846153846,27.5,1.0008883476257324,1.0250414609909058,0.9845095276832581,0.9857143759727478,0
5,0,0,10,1,3,0,2,0,2,0,1,0,0.027522935779816515,62.68,8.7,5.382352941176471,18.0,1.0527604818344116,1.0467082858085632,0.984502375125885,0.9824271202087402,0
8,1,0,14,0,5,5,2,0,1,0,1,3,0.020905923344947737,48.13,12.3,5.108695652173913,26.5,1.0027512311935425,1.508784294128418,0.9744053483009338,0.9788475036621094,0
5,0,0,9,0,4,0,2,1,0,1,1,1,0.03664921465968586,24.95,12.9,6.269230769230769,15.0,1.3497942686080933,1.2866547107696533,0.9833943247795105,0.9829511046409607,0
1,0,0,6,0,2,2,1,2,0,0,2,0,0.09352517985611511,18.35,15.4,5.523809523809524,26.0,1.1346837282180786,1.1346837282180786,0.9839220643043518,0.0,0
6,2,0,17,0,7,4,3,0,2,2,3,3,0.016666666666666666,51.89,10.8,5.103448275862069,21.666666666666668,1.0162365436553955,1.044136683146159,0.9753075242042542,0.9784915149211884,0
2,1,0,6,0,1,0,1,0,0,0,2,2,0.008620689655172414,28.84,13.5,5.823529411764706,18.0,1.0022742748260498,1.0022742748260498,0.9907455444335938,0.0,0
4,0,0,7,0,2,0,1,0,1,0,1,1,0.006289308176100629,37.64,14.2,5.36,26.0,1.000403881072998,1.000403881072998,0.9809191226959229,0.0,0
2,0,0,7,0,5,0,1,0,2,1,1,1,0.029069767441860465,35.61,15.0,5.37037037037037,28.0,1.0012657642364502,1.0012657642364502,0.9905414581298828,0.0,0
8,6,0,18,1,6,2,2,0,0,4,3,3,0.004830917874396135,16.15,18.3,5.866666666666666,32.0,1.0194027423858643,1.0075541734695435,0.9685469269752502,0.9892084002494812,0
3,1,0,13,0,3,1,2,0,1,1,0,1,0.009009009009009009,28.84,13.5,5.470588235294118,18.5,1.000677466392517,1.0007309317588806,0.9841956496238708,0.9761008620262146,0
6,0,0,5,0,2,0,1,1,0,1,0,1,0.006535947712418301,-22.94,20.9,7.052631578947368,21.0,1.0955560207366943,1.0955560207366943,0.9823001027107239,0.0,0
5,0,0,12,0,2,1,2,5,1,0,2,5,0.02631578947368421,30.87,12.7,5.457142857142857,21.5,1.1092392206192017,1.0581276416778564,0.9761060476303101,0.9794621467590332,0
9,1,0,17,0,1,0,2,0,0,4,1,1,0.020477815699658702,32.22,14.2,5.636363636363637,23.0,1.0041536092758179,1.007872760295868,0.98209148645401,0.9853867292404175,0
19,2,0,32,0,6,2,3,1,1,1,4,6,0.012718600953895072,-0.27,20.5,5.944444444444445,32.666666666666664,1.0035061836242676,1.0019268989562988,0.9591876864433289,0.985000878572464,0
3,0,0,7,0,1,0,1,0,0,2,2,2,0.007633587786259542,48.13,12.3,4.695652173913044,24.0,1.0028164386749268,1.0028164386749268,0.9829391837120056,0.0,0
3,0,0,9,0,3,1,1,3,3,2,2,0,0.03550295857988166,12.26,17.8,5.0,33.0,1.0114915370941162,1.0114915370941162,0.986526370048523,0.0,0
5,2,0,23,0,11,1,4,1,0,0,2,2,0.03759398496240601,35.78,12.9,5.857142857142857,21.25,1.1561521291732788,1.191552996635437,0.9735081195831299,0.9898091952006022,0
9,1,0,14,0,8,2,4,3,1,1,0,0,0.013404825737265416,33.92,11.5,6.215686274509804,15.0,1.087100625038147,1.0419853925704956,0.984710693359375,0.9748133222262064,0
3,0,0,8,0,1,0,2,0,1,0,3,2,0.03333333333333333,51.34,9.0,5.478260869565218,12.5,1.1037219762802124,1.0911372900009155,0.9856383800506592,0.976377546787262,0
4,0,0,5,0,1,0,1,0,1,1,0,0,0.02158273381294964,33.24,13.8,5.619047619047619,22.0,1.0061086416244507,1.0061086416244507,0.984402060508728,0.0,0
6,2,0,11,0,2,1,1,0,0,0,2,4,0.004545454545454545,13.62,19.3,5.8125,35.0,1.3629502058029175,1.3629502058029175,0.9772186875343323,0.0,0
6,3,0,18,0,6,1,2,2,4,0,6,3,0.004987531172069825,16.66,18.1,5.557377049180328,33.0,1.0084835290908813,1.0171856880187988,0.9750812649726868,0.9848156571388245,0
6,2,0,9,0,3,0,2,0,2,1,2,0,0.008928571428571428,29.35,13.3,5.757575757575758,17.5,1.0136057138442993,1.002220332622528,0.9736518263816833,0.9687548875808716,0
5,2,0,7,0,4,1,1,0,0,2,0,0,0.02358490566037736,-16.17,22.5,6.535714285714286,30.0,1.0047557353973389,1.0047557353973389,0.9870777726173401,0.0,0
2,0,0,7,0,1,0,1,0,0,1,2,1,0.02586206896551724,28.84,13.5,5.823529411764706,18.0,1.3621773719787598,1.3621773719787598,0.9821479916572571,0.0,0
7,6,0,26,0,10,2,4,0,1,3,4,4,0.00749063670411985,34.97,13.2,5.87012987012987,20.75,1.0168873071670532,1.0141116678714752,0.9667567610740662,0.9792497356732687,0
9,1,0,24,1,4,4,3,0,2,1,1,0,0.007246376811594203,25.8,14.6,5.8,22.333333333333332,1.1209495067596436,1.0595101515452068,0.9765177369117737,0.9895500540733337,0
8,2,0,14,0,3,2,2,2,0,2,1,0,0.013157894736842105,24.27,15.2,5.644444444444445,26.5,1.0015498399734497,1.002639651298523,0.9823179841041565,0.9827240109443665,0
3,1,0,8,0,2,1,1,0,0,1,0,2,0.005714285714285714,-0.61,18.6,7.285714285714286,23.0,1.0009652376174927,1.0009652376174927,0.9841309189796448,0.0,0
4,1,0,15,3,6,4,3,0,1,3,1,1,0.01875,54.22,9.9,5.0588235294117645,21.0,1.0241634845733643,1.027286688486735,0.9810918569564819,0.9845964908599854,0
2,0,0,12,0,5,1,1,1,0,0,1,1,0.024509803921568627,28.51,17.7,4.8,38.0,1.001647710800171,1.001647710800171,0.9838849306106567,0.0,0
6,5,0,16,0,9,4,3,1,3,3,0,3,0.03614457831325301,48.43,12.1,4.840579710144928,27.666666666666668,1.0461139678955078,1.3398919502894084,0.9801276922225952,0.9790565073490143,0
4,2,0,13,0,3,2,2,0,0,0,2,2,0.013793103448275862,17.34,15.8,6.175,22.0,1.00173020362854,1.0013474822044373,0.9772230386734009,0.9798914194107056,0
3,2,0,7,1,4,1,2,1,1,2,2,1,0.06274509803921569,34.76,13.3,5.325,22.0,1.0090138912200928,1.0040436387062073,0.98398357629776,0.987572968006134,0
2,0,0,8,0,2,0,2,0,0,0,3,4,0.02976190476190476,56.76,8.9,4.758620689655173,15.5,1.0102519989013672,1.0164722204208374,0.9865782856941223,0.9893797039985657,0
3,0,0,12,0,6,1,2,0,0,2,1,0,0.04,29.35,13.3,5.757575757575758,18.0,1.038744568824768,1.0312315821647644,0.9860159158706665,0.9813928604125977,0
7,0,0,12,1,1,0,1,1,1,0,2,0,0.0055248618784530384,28.17,15.8,4.71875,36.0,1.1019835472106934,1.1019835472106934,0.9820885062217712,0.0,0
1,0,0,9,0,6,0,1,0,1,1,0,0,0.03333333333333333,54.22,9.9,4.9714285714285715,19.0,1.0020732879638672,1.0021132230758667,0.9870679974555969,0.9771754741668701,0
4,0,0,19,1,3,2,2,1,0,4,3,0,0.01644736842105263,7.86,17.4,6.0,24.0,1.000870704650879,1.0010120868682861,0.9922193884849548,0.9791759848594666,0
7,4,0,18,0,5,1,2,1,0,1,3,6,0.015748031496062992,25.12,17.0,5.423728813559322,31.5,1.0031318664550781,1.0008724331855774,0.9842624068260193,0.9895831942558289,0
7,1,0,15,0,7,2,2,1,1,1,4,3,0.011019283746556474,35.98,12.8,5.392857142857143,31.5,1.1469752788543701,1.2561566233634949,0.9819445610046387,0.9845969676971436,0
6,3,0,8,1,5,4,3,0,0,1,4,2,0.08882521489971347,34.97,13.2,4.913793103448276,21.666666666666668,1.0195382833480835,1.0895042816797893,0.9768965244293213,0.986663281917572,0
6,0,0,19,0,6,3,1,1,1,4,4,4,0.04926108374384237,7.87,29.8,4.513888888888889,83.0,1.0394140481948853,1.0394140481948853,0.9742841720581055,0.0,0
6,0,0,7,0,1,0,1,0,1,1,1,0,0.007751937984496124,42.72,12.3,5.45,21.0,1.000319480895996,1.000319480895996,0.983669102191925,0.0,0
5,0,0,7,1,2,2,1,1,0,2,0,1,0.016666666666666666,39.67,13.4,6.416666666666667,28.0,1.3322207927703857,1.3322207927703857,0.9861682653427124,0.0,0
4,0,0,9,0,1,0,1,0,0,2,2,1,0.00819672131147541,35.27,13.1,5.1,22.0,1.0355933904647827,1.0355933904647827,0.980632483959198,0.0,0
1,0,0,7,0,2,1,1,0,1,1,1,2,0.019417475728155338,53.21,10.3,4.666666666666667,20.0,1.820662021636963,1.820662021636963,0.9878166317939758,0.0,0
2,2,0,7,0,5,2,1,0,0,0,0,2,0.026041666666666668,26.14,16.6,5.785714285714286,31.0,1.0080846548080444,1.0080846548080444,0.9773847460746765,0.0,0
5,0,0,18,0,6,0,3,0,1,2,4,4,0.008333333333333333,44.75,11.5,5.490909090909091,20.0,1.0009899139404297,1.001025636990865,0.9586231112480164,0.9761728048324585,0
17,1,0,21,0,3,2,2,3,0,2,1,1,0.011337868480725623,-1.28,20.9,5.9523809523809526,35.0,1.0604537725448608,1.0546310544013977,0.9790292382240295,0.9914498925209045,0
5,0,0,7,0,3,1,2,0,2,0,0,0,0.013071895424836602,51.85,8.8,5.863636363636363,12.5,1.0021743774414062,1.0019354224205017,0.9843763113021851,0.966691792011261,0
15,1,0,22,0,9,1,3,2,0,5,4,2,0.005917159763313609,22.04,16.1,5.904109589041096,26.333333333333332,1.0266541242599487,1.0228253602981567,0.9755241274833679,0.9880404472351074,0
4,1,0,8,0,3,0,1,1,0,0,0,0,0.006097560975609756,30.2,15.0,5.75,26.0,1.293309211730957,1.293309211730957,0.9744477868080139,0.0,0
9,4,0,21,0,7,2,3,1,0,0,4,3,0.0066815144766146995,32.22,14.2,5.626865671641791,24.666666666666668,1.0020039081573486,1.0085597038269043,0.9658277034759521,0.9855376780033112,0
4,3,0,11,0,3,0,2,0,0,1,0,1,0.009852216748768473,31.38,12.5,5.9655172413793105,15.5,1.0683850049972534,1.0361062288284302,0.9670496582984924,0.981223464012146,0
10,0,0,17,1,6,2,3,0,0,1,1,2,0.009202453987730062,29.86,13.1,5.708333333333333,17.666666666666668,1.0050660371780396,1.0074687004089355,0.9795879125595093,0.9865913689136505,0
4,0,0,8,0,3,0,2,1,0,2,2,0,0.018633540372670808,17.5,13.7,5.666666666666667,13.5,1.014374852180481,1.0112546682357788,0.986004114151001,0.9807395935058594,0
6,0,0,11,0,5,0,2,0,1,2,1,2,0.028985507246376812,33.75,13.6,5.7073170731707314,21.5,1.0056557655334473,1.0830960869789124,0.9797894358634949,0.9792670011520386,0
4,0,0,12,0,2,0,1,1,0,0,4,4,0.0047169811320754715,40.01,15.4,5.625,34.0,1.0031797885894775,1.0031797885894775,0.9881255626678467,0.0,0
6,1,0,9,3,2,0,2,0,0,1,0,0,0.02336448598130841,53.71,10.1,4.578947368421052,22.0,1.0009205341339111,1.5316643714904785,0.9706941246986389,0.9814338684082031,0
12,1,0,22,0,9,5,2,1,2,2,2,4,0.01639344262295082,4.14,20.9,5.956521739130435,40.5,1.0144559144973755,1.0241843461990356,0.9536346197128296,0.9877563714981079,0
9,1,0,21,0,2,0,2,0,2,2,5,2,0.0055248618784530384,41.53,14.8,5.11864406779661,30.5,1.2019107341766357,1.0420807600021362,0.9747544527053833,0.9906741976737976,0
2,1,0,17,1,4,1,1,0,0,2,2,4,0.012698412698412698,13.28,23.6,5.408163265306122,51.0,1.0194544792175293,1.0194544792175293,0.9810035228729248,0.0,0
10,3,0,18,0,9,2,2,1,4,0,3,4,0.011337868480725623,35.95,16.9,5.169014084507042,38.0,1.0102226734161377,1.0099323391914368,0.9779441356658936,0.9816936254501343,0
18,5,0,22,0,7,2,5,0,1,2,4,2,0.008865248226950355,30.26,12.9,6.153846153846154,17.0,1.1553853750228882,1.0415414810180663,0.9674524664878845,0.9810865372419357,0
6,1,0,13,1,3,2,2,2,1,2,1,2,0.03942652329749104,42.72,12.3,5.523809523809524,25.0,1.049238681793213,1.0167245268821716,0.9750300049781799,0.9702636003494263,0
2,0,0,16,1,7,0,1,0,1,1,1,1,0.00819672131147541,25.46,18.9,5.594594594594595,38.0,1.0156402587890625,1.0156402587890625,0.9776082634925842,0.0,0
1,0,0,6,0,2,0,1,0,0,1,3,4,0.03125,41.7,12.7,5.095238095238095,22.0,1.0015348196029663,1.0015348196029663,0.9845030307769775,0.0,0
5,0,0,21,0,7,1,3,2,0,1,2,1,0.014534883720930232,29.86,13.1,5.78,19.333333333333332,1.0047122240066528,1.0024192730585735,0.9718931913375854,0.976338654756546,0
1,3,0,8,0,4,3,1,0,0,1,1,2,0.019704433497536946,31.55,16.6,5.451612903225806,35.0,1.582427740097046,1.582427740097046,0.9646227359771729,0.0,0
5,0,0,6,0,4,1,1,1,2,2,0,1,0.005952380952380952,12.26,17.8,5.423076923076923,29.0,1.0003694295883179,1.0003694295883179,0.973585307598114,0.0,0
5,0,0,6,0,0,1,1,0,1,0,0,0,0.03937007874015748,43.73,11.9,5.3,23.0,1.002082347869873,1.002082347869873,0.9915224313735962,0.0,0
6,4,0,25,0,7,2,3,3,2,2,6,6,0.006864988558352402,49.45,11.8,5.367647058823529,25.333333333333332,1.0007327795028687,1.0009586413701375,0.9693530201911926,0.9915345013141632,0
3,1,0,13,0,4,0,2,0,0,0,2,3,0.008583690987124463,12.94,15.4,6.03030303030303,18.0,1.0186717510223389,1.003559648990631,0.9866765737533569,0.9755982160568237,0
4,3,0,14,0,7,0,3,0,1,1,0,0,0.010169491525423728,55.95,9.3,5.369565217391305,16.333333333333332,1.0007225275039673,1.0020043055216472,0.9699867963790894,0.9536964297294617,0
2,0,0,4,0,3,2,1,0,0,1,0,0,0.09090909090909091,77.23,5.2,4.409090909090909,25.0,1.2609124183654785,1.2609124183654785,0.9645403623580933,0.0,0
3,3,0,4,0,2,1,1,0,0,0,0,0,0.008849557522123894,14.97,14.7,6.928571428571429,17.0,1.0006903409957886,1.0006903409957886,0.9851582646369934,0.0,0
9,3,0,15,3,4,1,3,1,0,2,2,1,0.034375,46.47,10.8,5.28,19.333333333333332,1.001433253288269,1.6163584391276042,0.9827564358711243,0.9795470833778381,0
3,0,0,8,0,3,0,1,1,0,1,0,0,0.01935483870967742,9.89,16.6,6.380952380952381,24.0,1.0297197103500366,1.0297197103500366,0.9885559678077698,0.0,0
